Company Name,Ticker,Previous Name & Ticker,Company Name,Ticker,Previous Name & Ticker,Change Date
Amentum Holdings Inc,AMTM,,Bath & Body Works Inc,BBWI,,"September 27, 2024"
Palantir Technologies Inc,PLTR,,American Airlines Group Inc,AAL,,"September 20, 2024"
Dell Technologies Inc,DELL,,Etsy Inc,ETSY,,"September 20, 2024"
Erie Indemnity Co,ERIE,,Bio-Rad Laboratories Inc,BIO,,"September 20, 2024"
KKR & Co Inc,KKR,,Robert Half Inc,RHI,,"June 21, 2024"
CrowdStrike Holdings Inc,CRWD,,Comerica Inc,CMA,,"June 21, 2024"
GoDaddy Inc,GDDY,,Illumina Inc,ILMN,,"June 21, 2024"
Vistra Corp,VST,,Pioneer Natural Resources Co,PXD,,"May 7, 2024"
-,-,,Dentsply Sirona Inc,XRAY,,"April 2, 2024"
-,-,, V.F. Corp,VFC,,"April 2, 2024"
GE Vernova Inc,GEV,,-,-,,"April 1, 2024"
Solventum Corp,SOLV,,-,-,,"March 29, 2024"
Deckers Outdoor Corp,DECK,,Zion Bancorp,ZION,,"March 15, 2024"
Super Micro Computer Inc,SMCI,,Whirlpool Corp,WHR,,"March 15, 2024"
Uber Technologies Inc,UBER,,Sealed Air Corp,SEE,,"December 15, 2023"
Jabil Inc,JBL,,Alaska Air Group Inc,ALK,,"December 15, 2023"
Builders FirstSource Inc,BLDR,,SolarEdge Technologies Inc,SEDG,,"December 15, 2023"
Lululemon Athletica Inc,LULU,,Activision Blizzard Inc,ATVI,,"October 17, 2023"
Hubbell Inc,HUBB,,Organon & Co,OGN,,"October 17, 2023"
-,-,,DXC Technology Co,DXC,,"October 2, 2023"
Veralto Corp,VLTO,,-,-,,"September 29, 2023"
Blackstone Inc,BX,,Lincoln National Corp,LNC,,"September 15, 2023"
Airbnb Inc,ABNB,,Newell Brands Inc,NWL,,"September 15, 2023"
Kenvue Inc,KVUE,,Advance Auto Parts Inc,AAP,,"August 24, 2023"
Palo Alto Networks Inc,PANW,,DISH Network Corp,DISH,,"June 19, 2023"
Axon Enterprise Inc,AXON,,First Republic Bank,FRC,,"May 3, 2023"
Fair Isaac & Co Inc,FICO,,Lumen Technologies Inc,LUMN,,"March 17, 2023"
Bunge Ltd,BG,,Signature Bank,SBNY,,"March 14, 2023"
Insulet Corp,PODD,,SVB Financial Group,SIVB,,"March 14, 2023"
-,-,,Vornado Realty Trust,VNO,,"January 4, 2023"
GE HealthCare Technologies Inc,GEHC,,-,-,,"January 3, 2023"
Steel Dynamics Inc,STLD,,Abiomed Inc,ABMD,,"December 21, 2022"
First Solar Inc,FSLR,,Fortune Brands Innovations Inc,FBIN,Fortune Brands Home & Security Inc (FBHS),"December 20, 2022"
-,-,,MasterBrand Inc,MBC,,"December 20, 2022"
MasterBrand Inc,MBC,,-,-,,"December 16, 2022"
Arch Capital Group Ltd,ACGL,,Twitter Inc,TWTR,,"October 31, 2022"
Targa Resources Corp,TRGP,,Nielsen Holdings plc,NLSN,,"October 11, 2022"
PG&E Corp,PCG,,Citrix Systems Inc,CTXS,,"September 30, 2022"
EQT Corp,EQT,,Duke Realty Corp,DRE,,"September 30, 2022"
CoStar Group Inc,CSGP,,PVH Corp,PVH,,"September 16, 2022"
Invitation Homes Inc,INVH,,PENN Entertainment Inc,PENN,,"September 16, 2022"
ON Semiconductor Corp,ON,,IPG Photonics Corp,IPGP,,"June 17, 2022"
Keurig Dr Pepper Inc,KDP,,Under Armour Inc Class C,UA,,"June 17, 2022"
-,-,,Under Armour Inc Class A,UA.A,,"June 17, 2022"
VICI Properties Inc,VICI,,Cerner Corp,CERN,,"June 7, 2022"
-,-,,Discovery Communications Inc Class C (Warner Bros. Discovery Inc),DISCK,Discovery Communications Inc Class C (Warner Bros. Discovery Inc),"April 11, 2022"
Camden Property Trust,CPT,,People's United Financial Inc,PBCT,,"April 1, 2022"
Molina Healthcare Inc,MOH,,-,-,,"March 1, 2022"
-,-,,IHS Markit Ltd,INFO,,"February 25, 2022"
Nordson Corp,NDSN,,Xilinx Inc,XLNX,,"February 14, 2022"
Constellation Energy Corp,CEG,,The Gap Inc,GPS,,"February 2, 2022"
Signature Bank,SBNY,,Leggett & Platt Inc,LEG,,"December 17, 2021"
SolarEdge Technologies Inc,SEDG,,Hanesbrands Inc,HBI,,"December 17, 2021"
FactSet Research Systems Inc,FDS,,The Western Union Co,WU,,"December 17, 2021"
EPAM Systems Inc,EPAM,,Kansas City Southern,KSU,,"December 13, 2021"
Match Group Inc,MTCH,,Perrigo Company plc,PRGO,,"September 17, 2021"
Dayforce Inc,DAY,Ceridian HCM Holding Inc (CDAY),Unum Group,UNM,,"September 17, 2021"
Brown & Brown Inc,BRO,,NOV Inc,NOV,,"September 17, 2021"
Bio-Techne Corp,TECH,,Maxim Integrated Products Inc,MXIM,,"August 27, 2021"
Moderna Inc,MRNA,,Alexion Pharmaceuticals Inc,ALXN,,"July 20, 2021"
-,-,,HollyFrontier Corp,HFC,,"June 3, 2021"
Organon & Co,OGN,,-,-,,"June 2, 2021"
Charles River Laboratories International Inc ,CRL,,FLIR Systems Inc,FLIR,,"May 13, 2021"
PTC Inc,PTC,,Varian Medical Systems Inc,VAR,,"April 19, 2021"
NXP Semiconductors NV,NXPI,,Flowserve Corp,FLS,,"March 19, 2021"
Penn National Gaming Inc,PENN,,SL Green Realty Corp,SLG,,"March 19, 2021"
Generac Holdings Inc,GNRC,,Xerox Holdings Corp,XRX,,"March 19, 2021"
Caesars Entertainment Inc,CZR,,Vontier Corp,VNT,,"March 19, 2021"
Monolithic Power Systems Inc,MPWR,,TechnipFMC plc,FTI,,"February 11, 2021"
Trimble Inc,TRMB,,Concho Resources Inc,CXO,,"January 20, 2021"
Enphase Energy Inc,ENPH,,Tiffany & Co,TIF,,"January 6, 2021"
Tesla Inc,TSLA,,Apartment Investment and Management Co,AIV,,"December 18, 2020"
-,-,,Noble Energy Inc,NBL,,"October 9, 2020"
Vontier Corp.,VNT,,-,-,,"October 8, 2020"
Pool Corp,POOL,,E*TRADE Financial Corp,ETFC,,"October 6, 2020"
Etsy Inc.,ETSY,,H&R Block Inc,HRB,,"September 18, 2020"
Teradyne Inc,TER,,Coty Inc,COTY,,"September 18, 2020"
Catalent Inc,CTLT,,Kohl's Corp,KSS,,"September 18, 2020"
Tyler Technologies Inc,TYL,,Harley-Davidson Inc,HOG,,"June 19, 2020"
Bio-Rad Laboratories Inc,BIO,,Nordstrom Inc,JWN,,"June 19, 2020"
Teledyne Technologies Inc,TDY,,Alliance Data Systems Corp,ADS,,"June 19, 2020"
West Pharmaceutical Services Inc,WST,,Helmerich & Payne Inc,HP,,"May 21, 2020"
DexCom Inc,DXCM,,Allergan plc,AGN,,"May 11, 2020"
Domino's Pizza Inc,DPZ,,Capri Holdings Ltd,CPRI,,"May 11, 2020"
-,-,,Macyâ€™s Inc,M,,"April 5, 2020"
-,-,,Raytheon Co. (Old),RTN,,"April 5, 2020"
Carrier Global Corp,CARR,,-,-,,"April 2, 2020"
Otis Worldwide Corp,OTIS,,-,-,,"April 2, 2020"
Ingersoll Rand Inc,IR,Gardner Denver Holdings Inc (GDI),Cimarex Energy Co,XEC,,"March 2, 2020"
Paycom Software Inc,PAYC,,WellCare Health Plans Inc,WCG,,"January 27, 2020"
STERIS plc,STE,,The Macerich Co,MAC,,"December 20, 2019"
Zebra Technologies Corp,ZBRA,,TripAdvisor Inc,TRIP,,"December 20, 2019"
Live Nation Entertainment Inc,LYV,,Affiliated Managers Group Inc,AMG,,"December 20, 2019"
Old Dominion Freight Line Inc,ODFL,,SunTrust Banks Inc,STI,,"December 6, 2019"
W. R. Berkley Corp,WRB,,Viacom Inc.,VIAB,,"December 4, 2019"
ServiceNow Inc,NOW,,Celgene Corp,CELG,,"November 20, 2019"
Las Vegas Sands Corp,LVS,,Nektar Therapeutics,NKTR,,"October 2, 2019"
NVR Inc,NVR,,Jefferies Financial Group Inc,JEF,,"September 25, 2019"
CDW Corp,CDW,,Total System Services Inc,TSS,,"September 20, 2019"
Leidos Holdings Inc,LDOS,,Anadarko Petroleum Corp,APC,,"August 8, 2019"
IDEX Corp,IEX,,Foot Locker Inc.,FL,,"August 8, 2019"
T-Mobile US Inc,TMUS,,Red Hat Inc.,RHT,,"July 12, 2019"
MarketAxess Holdings Inc,MKTX,,L3 Technologies Inc,LLL,,"June 28, 2019"
Amcor plc,AMCR,,Mattel Inc.,MAT,,"June 6, 2019"
Corteva Inc.,CTVA,,Fluor Corp,FLR,,"May 31, 2019"
-,-,,Brighthouse Financial Inc,BHF,,"April 2, 2019"
Dow Inc,DOW,,-,-,,"April 1, 2019"
Fox Corp Class A,FOXA,,Twenty-First Century Fox Inc Class A,FOXA (Old),,"March 19, 2019"
Fox Corp Class B,FOX,,Twenty-First Century Fox Inc Class B,FOX (Old),,"March 19, 2019"
Wabtec Corp,WAB,,The Goodyear Tire & Rubber Co,GT,,"February 26, 2019"
Atmos Energy Corp,ATO,,Newfield Exploration Co,NFX,,"February 14, 2019"
Teleflex Inc,TFX,,PG&E Corp,PCG,,"January 17, 2019"
First Republic Bank,FRC,,SCANA Corp.,SCG,,"December 31, 2018"
Celanese Corp,CE,,Express Scripts Holding Co,ESRX,,"December 21, 2018"
Diamondback Energy Inc,FANG,,Stericycle Inc.,SRCL,,"November 30, 2018"
Maxim Integrated Products Inc,MXIM,,Aetna Inc.,AET,,"November 30, 2018"
Lamb Weston Holdings Inc,LW,,Rockwell Collins Inc,COL,,"November 30, 2018"
Jack Henry & Associates Inc,JKHY,,EQT Corp,EQT,,"November 12, 2018"
Keysight Technologies Inc,KEYS,,CA Inc,CA,,"November 5, 2018"
Fortinet Inc,FTNT,,Envision Healthcare Holdings Inc,EVHC,,"October 10, 2018"
Rollins Inc,ROL,,Andeavor,ANDV,,"September 28, 2018"
WellCare Health Plans Inc,WCG,,XL Group Ltd,XL,,"September 14, 2018"
Arista Networks Inc,ANET,,GGP Inc,GGP,General Growth Properties Inc (GGP),"August 27, 2018"
Copart Inc,CPRT,,Dr Pepper Snapple Group Inc,DPS,,"June 29, 2018"
Corpay Inc,CPAY,FleetCor Technologies Inc (FLT),Time Warner Inc.,TWX,,"June 19, 2018"
HollyFrontier Corp,HFC,,Acuity Brands Inc,AYI,,"June 15, 2018"
Broadridge Financial Solutions Inc,BR,,Range Resources Corp.,RRC,,"June 15, 2018"
Twitter Inc,TWTR,,Monsanto Co.,MON,,"June 6, 2018"
Evergy Inc,EVRG,,Navient Corp,NAVI,,"June 4, 2018"
ABIOMED Inc,ABMD,,Wyndham Destinations Inc,WYND,Wyndham Worldwide Corp (WYN),"May 30, 2018"
MSCI Inc,MSCI,,CSRA Inc,CSRA,,"April 3, 2018"
Take-Two Interactive Software Inc.,TTWO,,Signet Jewelers Ltd,SIG,,"March 18, 2018"
SVB Financial Group,SIVB,,Patterson Companies,PDCO,,"March 18, 2018"
Nektar Therapeutics,NKTR,,Chesapeake Energy Corp,CHK,,"March 18, 2018"
IPG Photonics Corp,IPGP,,Scripps Networks Interactive Inc,SNI,,"March 6, 2018"
Huntington Ingalls Industries Inc.,HII,,-,-,,"January 2, 2018"
-,-,,C. R. Bard Inc,BCR,,"December 28, 2017"
Norwegian Cruise Line Holdings Ltd,NCLH,,Level 3 Comm's Inc,LVLT,,"October 12, 2017"
Cadence Design Systems Inc,CDNS,,Staples Inc.,SPLS,,"September 17, 2017"
SBA Comm's Corp,SBAC,,DuPont Co (Old),DD (Old),,"August 31, 2017"
IQVIA Holdings Inc,IQV,QuintilesIMS (Q),Whole Foods Market Inc,WFM,,"August 28, 2017"
-,-,,AutoNation Inc.,AN,,"August 7, 2017"
Brighthouse Financial Inc,BHF,,-,-,,"August 6, 2017"
MGM Resorts International,MGM,,Reynolds American Inc.,RAI,,"July 25, 2017"
ResMed Inc.,RMD,,Mallinckrodt plc,MNK,,"July 25, 2017"
Packaging Corp of America,PKG,,Murphy Oil Corp,MUR,,"July 25, 2017"
A. O. Smith Corp,AOS,,Bed Bath & Beyond Inc,BBBY,,"July 25, 2017"
Duke Realty,DRE,,Transocean Ltd,RIG,,"July 25, 2017"
Everest Group Ltd,EG,Everest Re Group Ltd (RE),Mead Johnson Nutrition Co,MJN,,"June 18, 2017"
Hilton Worldwide Holdings Inc.,HLT,Hilton Hotels Corp (HLT),Yahoo! Inc,YHOO,,"June 18, 2017"
Align Technology Inc.,ALGN,,Teradata Corp.,TDC,,"June 18, 2017"
ANSYS Inc.,ANSS,,Ryder System Inc,R,,"June 18, 2017"
IHS Markit Ltd.,INFO,,TEGNA Inc,TGNA,,"June 1, 2017"
Gartner Inc,IT,,Dun & Bradstreet Corp,DNB,,"April 4, 2017"
DXC Technology,DXC,,Southwestern Energy Co,SWN,,"April 3, 2017"
Advanced Micro Devices Inc,AMD,,Urban Outfitters Inc,URBN,,"March 19, 2017"
Raymond James Financial Inc,RJF,,Frontier Comm's Corp,FTR,,"March 19, 2017"
Alexandria Real Estate Equities,ARE,,First Solar Inc,FSLR,,"March 19, 2017"
Synopsys Inc,SNPS,,Harman Int'l Industries Inc,HAR,,"March 15, 2017"
DISH Network Corp,DISH,,Linear Technology Corp.,LLTC,,"March 12, 2017"
Regency Centers,REG,,Endo Int'l plc,ENDP,,"March 1, 2017"
CBOE Holdings Inc,CBOE,,Pitney Bowes Inc,PBI,,"February 28, 2017"
Incyte Corp,INCY,,Spectra Energy Corp.,SE,,"February 27, 2017"
IDEXX Laboratories Inc,IDXX,,St. Jude Medical Inc,STJ,,"January 4, 2017"
Mid-America Apartment Communities,MAA,,Owens-Illinois Inc.,OI,,"December 1, 2016"
Envision Healthcare Holdings Inc,EVHC,,Legg Mason Inc,LM,,"December 1, 2016"
Howmet Aerospace Inc,HWM,Arconic Inc (ARNC),Alcoa Inc,AA,,"November 1, 2016"
Coty Inc,COTY,,Diamond Offshore Drilling Inc,DO,,"September 30, 2016"
The Cooper Companies Inc,COO,,Starwood Hotels & Resorts Worldwide Inc,HOT,,"September 22, 2016"
Charter Communications Inc,CHTR,,EMC Corp.,EMC,,"September 7, 2016"
Mettler-Toledo Int'l Inc,MTD,,Johnson Controls (Old),JCI (Old),,"September 2, 2016"
-,-,,Columbia Pipeline Group Inc.,CPGX,,"July 5, 2016"
Fortive Corp,FTV,,-,-,,"July 1, 2016"
Alliant Energy Corp,LNT,,AGL Resources Inc.,GAS,,"June 30, 2016"
Albemarle Corp,ALB,,TECO Energy Inc,TE,,"June 30, 2016"
Fortune Brands Innovations Inc,FBIN,Fortune Brands Home & Security Inc (FBHS),Cablevision Systems Corp.,RMG,,"June 23, 2016"
TransDigm Group,TDG,,Baxalta,BXLT,,"June 2, 2016"
Arthur J. Gallagher & Co,AJG,,Coca-Cola European Partners plc,CCE,,"May 27, 2016"
LKQ Corp,LKQ,,Airgas Inc.,ARG,,"May 20, 2016"
Digital Realty Trust,DLR,,Time Warner Cable Inc.,TWC,,"May 17, 2016"
Alaska Air Group,ALK,,SanDisk Corp,SNDK,,"May 12, 2016"
Acuity Brands Inc,AYI,,ADT Corp.,ADT,,"May 2, 2016"
Global Payments Inc,GPN,,GameStop Corp.,GME,,"April 22, 2016"
Ulta Salon Cosmetics & Fragrance Inc,ULTA,,Tenet Healthcare Corp.,THC,,"April 15, 2016"
Under Armour Inc Class C,UA,,-,-,,"April 14, 2016"
Foot Locker Inc.,FL,,Cameron International Corp,CAM,,"April 1, 2016"
Hologic Inc,HOLX,,Pepco Holdings Inc.,POM,,"March 29, 2016"
Centene Corp,CNC,,Valaris plc,VAL,Ensco plc (ESV),"March 29, 2016"
UDR Inc,UDR,,Keurig Green Mountain Inc,GMCR,,"March 4, 2016"
American Water Works Inc,AWK,,Consol Energy Inc.,CNX,,"March 3, 2016"
Concho Resources Inc,CXO,,Plum Creek Timber Company,PCL,,"February 19, 2016"
Citizens Financial Group Inc,CFG,,Precision Castparts Corp,PCP,,"January 29, 2016"
Federal Realty Investment Trust,FRT,,Broadcom Corp.,BRCM,,"January 29, 2016"
Extra Space Storage Inc,EXR,,Chubb Corp. (Old),CB (Old),,"January 15, 2016"
Willis Towers Watson plc,WTW,Willis Towers Watson (WLTW),Fossil Group,FOSL,,"January 4, 2016"
Church & Dwight Co Inc,CHD,,Altera Corp.,ALTR (Alt),,"December 28, 2015"
-,-,,Comcast Class A Spec.,CMCSK,,"December 11, 2015"
CSRA Inc,CSRA,,Computer Sciences Corp.,CSC,,"November 30, 2015"
Illumina Inc,ILMN,,Sigma-Aldrich Corp.,SIAL,,"November 18, 2015"
Synchrony Financial,SYF,,Genworth Financial Inc.,GNW,,"November 17, 2015"
Hewlett Packard Enterprise Co,HPE,,Hudson City Bancorp Inc,HCBK,,"November 2, 2015"
Verisk Analytics Inc,VRSK,,Joy Global Inc.,JOY,,"October 7, 2015"
Comcast Class A Spec.,CMCSK,,-,-,,"September 18, 2015"
Twenty-First Century Fox Inc Class B,FOX (Old),,-,-,,"September 18, 2015"
News Corp Class B,NWS,,-,-,,"September 18, 2015"
United Continental Holdings Inc,UAL,,Hospira Inc.,HSP,,"September 2, 2015"
Activision Blizzard Inc,ATVI,Activision Inc (ATVI),Pall Corp.,PLL,,"August 28, 2015"
Signet Jewelers Ltd,SIG,"Signet Group plc (SIGY), Ratners Group plc (RATNY)",DirecTV,DTV,,"July 28, 2015"
PayPal Holdings Inc.,PYPL,,Noble Corp plc,NE,,"July 17, 2015"
Advance Auto Parts Inc,AAP,,Family Dollar Stores Inc,FDO,,"July 8, 2015"
Columbia Pipeline Group Inc.,CPGX,,Allegheny Technologies Inc.,ATI,"Allegheny Teledyne Inc. (ALT), Teledyne Inc. (TDY)","July 1, 2015"
J. B. Hunt Transport Services Inc.,JBHT,,Integrys Energy Group,TEG,"WPS Resources Corp (WPS), Wisconsin Public Service Corp (WPS)","June 30, 2015"
Baxalta,BXLT,,QEP Resources Inc,QEP,,"June 30, 2015"
Qorvo Inc,QRVO,,Lorillard Inc.,LO,,"June 11, 2015"
Realty Income Corp,O,,Windstream Holdings Inc,WIN,,"April 6, 2015"
American Airlines Group Inc,AAL,,Allergan Inc. (Old),AGN (Old),,"March 20, 2015"
Equinix Inc,EQIX,,Denbury Resources Inc.,DNR,,"March 20, 2015"
SL Green Realty,SLG,,Nabors Industries Ltd,NBR,,"March 20, 2015"
Hanesbrands Inc,HBI,,Avon Products Inc,AVP,,"March 20, 2015"
Henry Schein Inc,HSIC,,CareFusion Corp,CFN,,"March 17, 2015"
Skyworks Solutions Inc.,SWKS,,PetSmart Inc,PETM,,"March 11, 2015"
HCA Holdings Inc,HCA,,Safeway Inc.,SWY,,"January 26, 2015"
Endo Int'l plc,ENDP,Endo Health Solutions Inc (ENDP),Covidien Plc,COV,,"January 26, 2015"
Royal Caribbean Cruises Ltd,RCL,,Bemis Company Inc,BMS,,"December 4, 2014"
Level 3 Comm's Inc,LVLT,,Jabil Inc,JBL,,"November 4, 2014"
United Rentals Inc,URI,,Peabody Energy Corp,BTU,,"September 19, 2014"
Universal Health Services Inc,UHS,,Graham Holdings Co,GHC,WPO Washington Post Co. (WPO),"September 19, 2014"
Mallinckrodt plc,MNK,,Rowan Companies plc,RDC,,"August 18, 2014"
Discovery Communications Inc Class C (Warner Bros. Discovery Inc),DISCK,Note: All classes of shares of Discovery common stock were be converted and reclassified into a single share class line of newly named Warner Bros Discovery Inc (WBD).,-,-,,"August 6, 2014"
Martin Marietta Materials Inc,MLM,,United States Steel Corp,X,,"July 1, 2014"
Affiliated Managers Group Inc,AMG,,Forest Laboratories Inc,FRX,,"June 30, 2014"
Cimarex Energy Co,XEC,,International Game Technology plc (Old),IGT (Old),,"June 20, 2014"
Broadcom Ltd,AVGO,Avago Technologies (AVGO),LSI Corp,LSI (LSI),,"May 7, 2014"
Under Armour Inc Class A,UA.A,,Beam Suntory Inc,BEAM (Sun),"Fortune Brands Inc (FO), American Brands (AMB), American Tobacco (AT)","April 30, 2014"
Navient Corp,NAVI,,SLM Corp.,SLM,"USA Education Inc (SLM), Student Loan Marketing Asociation (SLMA)","May 1, 2014"
Alphabet Inc. Class C,GOOG,,-,-,,"April 3, 2014"
Essex Property Trust,ESS,,Cleveland-Cliffs Inc,CLF,,"April 1, 2014"
Keurig Green Mountain Inc,GMCR,,WPX Energy Inc,WPX,,"March 21, 2014"
Tractor Supply Co.,TSCO,,Life Technologies Corp,LIFE (Tech),,"January 23, 2014"
Alliance Data Systems Corp.,ADS,,Abercrombie & Fitch Co,ANF,,"December 20, 2013"
Mohawk Industries Inc,MHK,,VIAVI Solutions Inc,VIAV,JDS Uniphase (JDSU),"December 20, 2013"
Meta Platforms Inc,META,Facebook Inc (FB),Teradyne Inc,TER,,"December 20, 2013"
GGP Inc,GGP,,Molex Inc.,MOLX,,"December 9, 2013"
Allegion Plc,ALLE,,J.C. Penney Co Inc,JCP,,"November 29, 2013"
Capri Holdings Ltd,CPRI,Michael Kors Holdings (KORS),NYSE Euronext Inc,NYX,,"November 12, 2013"
Transocean Ltd,RIG,,Dell Inc,DELL,,"October 28, 2013"
Vertex Pharmaceuticals Inc.,VRTX,,Advanced Micro Devices Inc,AMD,,"September 20, 2013"
AMETEK Inc,AME,,Leidos Holdings Inc,LDOS,SAIC (SAIC),"September 20, 2013"
Delta Air Lines Inc,DAL,,BMC Software Inc,BMC,,"September 10, 2013"
Nielsen Holdings PLC,NLSN,,Sprint Corp,S,"Sprint Nextel Corp. (S), United Telecommunications Inc (UT)","July 8, 2013"
News Corp Class A,NWSA,,Apollo Education Group,APOL,,"June 28, 2013"
Zoetis Inc,ZTS,,First Horizon National Corp,FHN,,"June 21, 2013"
General Motors Co,GM,,H. J. Heinz Company,HNZ,,"June 6, 2013"
Kansas City Southern,KSU,,Dean Foods Co,DF,,"May 23, 2013"
Macerich,MAC,,Coventry Corp,CVH,,"May 8, 2013"
Regeneron Pharmaceuticals Inc.,REGN,,T-Mobile US Inc,TMUS,,"April 30, 2013"
PVH Corp.,PVH,,Big Lots Inc.,BIG,,"February 13, 2013"
AbbVie Inc.,ABBV,,Federated Hermes Inc,FHI,Federated Investors Inc (FII),"January 1, 2013"
Aptiv PLC,APTV,Delphi Automotive (DLPH),Titanium Metal Corp,TIE,,"December 21, 2012"
Garmin Ltd,GRMN,,RR Donnelley & Sons Co,RRD,,"December 11, 2012"
Dollar General Corp,DG,,Cooper Industries plc,CBE,,"November 30, 2012"
PetSmart Inc,PETM,,Sunoco Inc (Old),SUN (Sun),,"October 4, 2012"
Kraft Heinz Co,KHC,Kraft Foods Group (KRFT),Alpha Natural Resources Inc,ANR,,"October 1, 2012"
ADT Corp.,ADT,,Lexmark International Inc,LXK,,"September 28, 2012"
Pentair plc,PNR,,"DeVry, Inc.",ATGE,,"September 28, 2012"
LyondellBasell Industries NV,LYB,,Sears Holdings Corp,SHLD,,"September 4, 2012"
Ensco plc,VAL,Ensco plc (ESV),Goodrich Corp.,GR,,"July 30, 2012"
Seagate Technology plc,STX,,Progress Energy Inc.,PGN,Carolina Power & Light (CPL),"June 29, 2012"
Monster Beverage Corp,MNST,,Hillshire Brands Co,HSH,Sara Lee Corp. (SLE),"June 28, 2012"
Lam Research Corp,LRCX,,Novellus Systems Inc,NVLS (Nove),,"June 5, 2012"
Alexion Pharmaceuticals Inc,ALXN,,Motorola Mobility,MMI (Mot),,"May 24, 2012"
Kinder Morgan Inc,KMI,,El Paso Corp.,EP,,"May 24, 2012"
Phillips 66,PSX,,Supervalu Inc.,SVU,,"April 30, 2012"
Fossil Group,FOSL,,Medco Health Solution Inc,MHS,,"April 3, 2012"
Crown Castle Int'l Corp.,CCI,,Constellation Energy Group Inc (Old),CEG (Old),,"March 13, 2012"
WPX Energy Inc,WPX,,Compuware Corp,CPWR,,"December 30, 2011"
TripAdvisor Inc,TRIP,,Tellabs Inc.,TLAB,,"December 20, 2011"
BorgWarner Inc,BWA,Borg-Warner Corp (BOR),AK Steel Holding Corp.,AKS,,"December 16, 2011"
Perrigo Company Plc,PRGO,,Monster Worldwide Inc.,MWW,,"December 16, 2011"
Dollar Tree Inc,DLTR,,SunEdison Inc,SUNEQ,MEMC Electronic Materials (WFR),"December 16, 2011"
AGL Resources Inc.,GAS,,Nicor Inc.,GAS (Nico),,"December 12, 2011"
Cooper Industries plc,CBE,,Janus Capital Group,JNS,,"November 22, 2011"
Xylem Inc.,XYL,,ITT Inc,ITT,,"October 31, 2011"
TE Connectivity Ltd,TEL,,Cephalon Inc.,CEPH,,"October 14, 2011"
Mosaic Co,MOS,,National Semiconductor,NSM (Nat),,"September 23, 2011"
Accenture plc,ACN,,Marshall & Ilsley Corp,MI,,"July 5, 2011"
Marathon Petroleum Corp,MPC,,RadioShack Corp.,RSH,,"June 30, 2011"
Alpha Natural Resources Inc,ANR,,Massey Energy Co.,MEE,,"June 1, 2011"
Chipotle Mexican Grill Inc,CMG,,Novell Inc,NOVL,,"April 27, 2011"
BlackRock Inc,BLK,,Genzyme Corp.,GENZ,,"April 1, 2011"
Edwards Lifesciences Corp,EW,,Qwest Communications Int'l Inc,Q (Qwe),,"March 31, 2011"
Covidien Plc,COV,,McAfee Inc.,MFE,,"February 28, 2011"
Joy Global Inc.,JOY,,Allegheny Energy Inc.,AYE,Allegheny Power Systems Inc (AYP),"February 25, 2011"
Noble Corp plc,NE,,QLogic Corp.,QLGC,,"January 14, 2011"
Motorola Mobility,MMI (Mot),,Meredith Corp.,MDP,,"January 3, 2011"
Cablevision Systems Corp.,RMG,,King Pharmaceuticals Inc.,KG,,"December 17, 2010"
F5 Networks Inc,FFIV,,Eastman Kodak Co.,KODK,,"December 17, 2010"
Netflix Inc.,NFLX,,Office Depot Inc.,ODP,,"December 17, 2010"
Newfield Exploration Co.,NFX,,New York Times Co,NYT,,"December 17, 2010"
Trane Technologies plc,TT,Ingersoll-Rand PLC (IR),Pactiv Corp,PTV,,"November 16, 2010"
Johnson Controls International plc,JCI,"Tyco International (TYC), Tyco Labs Inc. (TYC)",Smith Int'l Inc,SII,,"August 26, 2010"
Chubb Ltd,CB,ACE Limited (ACE),Millipore Corp,MIL,,"July 14, 2010"
QEP Resources Inc,QEP,,Questar Corp.,STR,,"June 30, 2010"
Carmax Inc.,KMX,,XTO Energy Inc.,XTO,,"June 28, 2010"
Cerner Corp,CERN,,BJ Services Co.,BJS,,"April 29, 2010"
ONEOK Inc,OKE,,Black & Decker Manufacturing,BDK,,"March 12, 2010"
Warner Bros. Discovery Inc,WBD,DISCA (Discovery Communications Inc Class A),Pepsi Bottling Group Inc.,PBG,,"February 26, 2010"
Helmerich and Payne Inc,HP,,IMS Health Holdings Inc,IMS,Cognizant Corp. (CZT),"February 26, 2010"
Berkshire Hathaway Inc,BRK.B,,Burlington Northern Santa Fe Corp,BNI,,"February 12, 2010"
Urban Outfitters Inc,URBN,,Affiliated Computer Services,ACS,,"February 5, 2010"
NRG Energy Inc,NRG,,Sun Microsystems,JAVA,,"January 27, 2010"
Roper Technologies Inc,ROP,,Valaris plc,VAL,Ensco plc (ESV),"December 22, 2009"
Mead Johnson Nutrition Co,MJN,,MBIA Inc,MBI,,"December 18, 2009"
Visa Inc.,V,,Ciena Corp.,CIEN,,"December 18, 2009"
Ross Stores Inc,ROST,,Dynegy Inc.,DYN,,"December 18, 2009"
Cleveland-Cliffs Inc,CLF,,KB Home,KBH,,"December 18, 2009"
Leidos Holdings Inc,LDOS,SAIC (SAIC),Convergys Corp.,CVG,,"December 18, 2009"
Booking Holdings Inc,BKNG,The Priceline Group (PCLN),Schering-Plough Corp.,SGP,,"November 3, 2009"
First Solar Inc,FSLR,,Wyeth Corp.,WYE,,"October 15, 2009"
Airgas Inc.,ARG,,Cooper Industries plc,CBE,,"September 8, 2009"
CareFusion Corp,CFN,,Manitowoc Inc,MTW,,"August 31, 2009"
FMC Corp,FMC,,Centex Corp.,CTX,,"August 18, 2009"
Red Hat Inc.,RHT,,CIT Group Inc.,CIT,,"July 24, 2009"
Western Digital Corp,WDC,,Embarq Corporation,EQ (Emb),,"June 30, 2009"
Quanta Services Inc.,PWR,,Trane Technologies plc,TT,Ingersoll-Rand PLC (Ir),"June 30, 2009"
T-Mobile US Inc,TMUS,,-,-,,"June 29, 2009"
-,-,,TE Connectivity Ltd,TEL,Tyco Electronics (TEL),"June 25, 2009"
"DeVry, Inc.",ATGE,,-,-,,"June 8, 2009"
TechnipFMC plc,FTI,FMC Technologies Inc. (FTI),Covidien Plc,COV,,"June 4, 2009"
-,-,,General Motors Co,GM,,"June 2, 2009"
Denbury Resources Inc.,DNR,,Rohm & Hass Co,ROH,,"April 1, 2009"
Time Warner Cable Inc.,TWC,,SITE Centers Corp,SITC,DDR Corp (DDR),"March 27, 2009"
O'Reilly Automotive Inc,ORLY,,Noble Corp plc,NE,,"March 26, 2009"
Eversource Energy,ES,Northeast Utilities (NU),Johnson Controls International plc,JCI,Tyco International (TYC),"March 16, 2009"
Ventas Inc.,VTR,,Jones Group,JNY,,"March 3, 2009"
Hormel Foods Corp.,HRL,,American Capital Ltd,ACAS,,"March 3, 2009"
Diamond Offshore Drilling Inc,DO,,Weatherford Int'l plc,WFT,,"February 25, 2009"
Welltower Inc,WELL,"Health Care REIT, Inc. (HCN)",Sovereign Bancorp Inc,SOV,,"January 29, 2009"
Iron Mountain Inc.,IRM,,UST Inc.,UST,United States Tobacco Company (UBO),"January 5, 2009"
SCANA Corp.,SCG,,Merrill Lynch & Co,MER,,"December 31, 2008"
FLIR Systems Inc,FLIR,,National City Corp.,NCC,,"December 31, 2008"
Owens-Illinois Inc.,OI,,Wachovia Corp.,WB,,"December 31, 2008"
McAfee Inc.,MFE,,Barr Pharmaceuticals Inc.,BRL,,"December 22, 2008"
EQT Corp,EQT,,Transocean Ltd,RIG,,"December 18, 2008"
Republic Services Inc.,RSG,,Allied Waste Industries Inc.,AW,,"December 4, 2008"
Dun & Bradstreet Corp,DNB,,Kate Spade & Co,KATE,Liz Claiborne Inc. (LIZ),"December 1, 2008"
Life Technologies Corp,LIFE (Tech),,Applied Biosystems Inc.,ABI,,"November 21, 2008"
Stericycle Inc.,SRCL,,Anheuser-Busch Inc.,BUD (Anh),,"November 18, 2008"
Cephalon Inc.,CEPH,,-,-,,"November 14, 2008"
Dentsply Sirona Inc,XRAY,,Hercules Inc.,HPC,,"November 13, 2008"
Wynn Resorts Ltd,WYNN,,Ashland Global Holdings Inc,ASH,,"November 13, 2008"
-,-,,GGP Inc,GGP,,"November 12, 2008"
People's United Financial Inc,PBCT,,-,-,,"November 12, 2008"
-,-,,Unisys Corp.,UIS,,"November 10, 2008"
J. M. Smucker Co,SJM,,Terex Corp.,TEX,,"November 5, 2008"
WEC Energy Group Inc,WEC,Wisconsin Energy Corp. (WEC),MGIC Investment Corp,MTG,,"October 30, 2008"
Nasdaq Inc,NDAQ,,Dillard's Inc.,DDS,,"October 21, 2008"
Dr Pepper Snapple Group Inc,DPS,,Wrigley Co.,WWY,,"October 3, 2008"
Flowserve Corporation,FLS,,-,-,,"October 1, 2008"
Amphenol Corp.,APH,,Wendy's International,WEN,,"September 29, 2008"
-,-,,Mr. Cooper Group Inc,COOP,Nationstar Mortgage Holdings Inc (NSM),"September 29, 2008"
Pioneer Natural Resources Co,PXD,,-,-,,"September 23, 2008"
-,-,,Safeco Corp.,SAF,,"September 22, 2008"
L3Harris Technologies Inc,LHX,Harris Corp. (HRS),-,-,,"September 19, 2008"
-,-,,Lehman Brothers Holding,LEHMQ,,"September 16, 2008"
Salesforce.com Inc,CRM,,-,-,,"September 12, 2008"
Fastenal Co.,FAST,,-,-,,"September 12, 2008"
-,-,,Freddie Mac (FHLMC),FMCC,,"September 10, 2008"
-,-,,Fannie Mae (FNMA),FNMA,,"September 10, 2008"
CF Industries Holdings Inc.,CF,,Electronic Data Systems Corp,EDS,,"August 26, 2008"
Invesco Ltd,IVZ,,IAC/InterActiveCorp,IAC,,"August 20, 2008"
DaVita Inc.,DVA,,iHeartMedia Inc,IHRT,Clear Channel Comm's Inc. (CCU),"July 30, 2008"
Mastercard Inc.,MA,,Chubb Ltd,CB,ACE Limited (ACE),"July 17, 2008"
Scripps Networks Interactive Inc,SNI,,E. W. Scripps Co,SSP,,"June 30, 2008"
AK Steel Holding Corp.,AKS,,Countrywide Financial Corp.,CFC,,"June 30, 2008"
Massey Energy Co.,MEE,,OfficeMax Inc (Old),OMX (Old),,"June 20, 2008"
Coterra Energy Inc,CTRA,Cabot Oil & Gas Corp (COG),Brunswick Corp.,BC,,"June 20, 2008"
Lorillard Inc.,LO,,Ambac Financial Group Inc.,AMBC,,"June 10, 2008"
Southwestern Energy Co,SWN,,Trane Inc.,TT (Tra),,"June 6, 2008"
Intuitive Surgical Inc.,ISRG,,Bear Stearns Co,BSC,,"June 2, 2008"
Healthpeak Properties Inc,DOC,"Healthpeak Properties Inc (PEAK), HCP Inc. (HCP)",Commerce Bancorp (New Jersey),CBH,,"March 28, 2008"
Philip Morris International Inc,PM,,Circuit City Stores Inc.,CC (Circ),,"March 28, 2008"
Cameron International Corp,CAM,,Harrah's Entertainment,CZR (Har),Promus Inc. (PRI),"January 28, 2008"
Total System Services Inc,TSS,,Synovus Financial Corp.,SNV,,"December 31, 2007"
Graham Holdings Co,GHC,Washington Post Co. (WPO),Temple-Inland Inc.,TIN,,"December 28, 2007"
Range Resources Corp.,RRC,,Tribune Media Co,TRCO,,"December 20, 2007"
GameStop Corp.,GME,,Dow Jones & Co. Inc.,DJ,,"December 13, 2007"
American Tower Corp.,AMT,,Alltel Corp,AT (All),,"November 16, 2007"
Manitowoc Inc,MTW,,Tektronix Inc.,TEK,,"November 15, 2007"
Pepco Holdings Inc.,POM,,Manor Care Inc.,HCR,,"November 8, 2007"
Titanium Metal Corp,TIE,,Bausch & Lomb Inc.,BOL,,"October 26, 2007"
Jacobs Solutions Inc,J,Jacobs Engineering Group (JEC),Avaya Inc.,AV,,"October 25, 2007"
NYSE Euronext Inc,NYX,,Hilton Worldwide Holdings Inc.,HLT,,"October 24, 2007"
Expeditors Int'l of Washington Inc,EXPD,,TXU Corp.,TXU,,"October 9, 2007"
Noble Energy Inc.,NBL,,Archstone-Smith Trust,ASN,"Archstone Communities Trust (ASN), Security Capital Pacific Trust (PTR)","October 5, 2007"
Expedia Inc.,EXPE,,Solectron Corp.,SLR,,"October 1, 2007"
Teradata Corp.,TDC,,NCR Corp.,NCR,,"September 28, 2007"
Andeavor,ANDV,Tesoro Petroleum Co. (TSO),Maxim Integrated Products Inc,MXIM,,"September 26, 2007"
Intercontinental Exchange Inc,ICE,,-,-,,"September 25, 2007"
-,-,,First Data Corp.,FDC,,"September 24, 2007"
Microchip Technology Inc,MCHP,,Compass Bancshares Inc,CBSS,Central Bankshares South Inc (CBSS),"September 7, 2007"
Jefferies Financial Group Inc,JEF,Leucadia National Corp. (LUK),KeySpan Corp,KSE,Long Island Lighting Co (LIL),"August 24, 2007"
Akamai Technologies Inc.,AKAM,,Biomet Inc.,BMET,,"July 11, 2007"
American Capital Ltd,ACAS,,Dollar General Corp,DG,,"July 6, 2007"
TE Connectivity Ltd,TEL,Tyco Electronics (TEL),PMC-Sierra Inc,PMCS,,"June 29, 2007"
Covidien Plc,COV,,Sanmina Corp.,SANM,,"June 29, 2007"
GGP Inc,GGP,,Mellon Financial Corp,MEL,,"June 29, 2007"
Discover Financial Services,DFS,,ADC Telecommunications Inc,ADCT,,"June 29, 2007"
Precision Castparts Corp,PCP,,MedImmune Inc.,MEDI,,"May 31, 2007"
SunEdison Inc,SUNEQ,MEMC Electronic Materials (WFR),Kinder Morgan Inc,KMI,KN Energy (KNE),"May 30, 2007"
Assurant Inc.,AIZ,,Realogy Holdings Corp,RLGY,Realogy Corp. (H),"April 9, 2007"
Mondelez International Inc,MDLZ,Kraft Foods Inc (KFT),Sabre Holdings Corp,TSG,,"March 30, 2007"
Abercrombie & Fitch Co,ANF,,Univision Comm Inc,UVN,,"March 28, 2007"
SITE Centers Corp,SITC,DDR Corp. (DDR),Caremark Rx,CMX,,"March 22, 2007"
Host Hotels & Resorts,HST,Host Marriott Corp (HMT),Phelps Dodge Corp,PD,,"March 19, 2007"
C.H. Robinson Worldwide Inc,CHRW,,Health Management Associates Inc,HMA,,"March 1, 2007"
Integrys Energy Group,TEG,"WPS Resources Corp (WPS), Wisconsin Public Service Corp (WPS)",Peoples Energy Corp,PGL,,"February 21, 2007"
Hudson City Bancorp Inc,HCBK,,American Power Conversion Corp,APCC,,"February 14, 2007"
Varian Medical Systems Inc,VAR,Varian Associates (VAR),Equity Office Properties Trust,EOP,,"February 9, 2007"
Ralph Lauren Corp,RL,,Comverse Technology Inc,CMVT,,"February 1, 2007"
AvalonBay Communities,AVB,,Symbol Technologies Inc,SBL,,"January 9, 2007"
Valaris plc,VAL,Ensco plc (ESV),BellSouth Corp.,BLS,,"January 3, 2007"
Spectra Energy Corp.,SE,,PAR Technology Corp,PAR,Parametric Technology (PMTC),"December 29, 2006"
Terex Corp.,TEX,,Navistar Int'l Corp,NAV,,"December 19, 2006"
DirecTV,DTV,,Freescale Semiconductor Inc,FSLB,,"December 1, 2006"
IAC/InterActiveCorp,IAC,,Lucent Technology,LU,,"November 30, 2006"
Questar Corp.,STR,,North Fork BanCorp,NFB,,"November 30, 2006"
Peabody Energy Corp,BTU,,HCA Holdings Inc,HCA,Hospital Corp of America (HCA),"November 17, 2006"
Cognizant Technology Solutions Corp,CTSH,,Alberto-Culver Co.,ACV,,"November 16, 2006"
CBRE Group Inc,CBRE,CBRE Group (CBG),Fisher Scientific Int'l,FSH,,"November 9, 2006"
Fidelity National Information Services Inc,FIS,,Louisiana-Pacific Corp.,LPX,,"November 9, 2006"
Celgene Corp.,CELG,,AmSouth Bancorp,ASO,,"November 3, 2006"
Smith Int'l Inc,SII,,Golden West Financial,GDW,,"September 29, 2006"
Western Union Co.,WU,,Andrew Corp.,ANDW,,"September 29, 2006"
CME Group Inc.,CME,,Kerr-McGee Corp.,KMG (Ker),,"August 10, 2006"
Wyndham Destinations Inc,WYND,Wyndham Worldwide Corp (WYN),Avis Budget Group,CAR,CUC International Inc (CU),"July 31, 2006"
Realogy Holdings Corp,RLGY,Realogy Corp. (H),Gateway Inc.,GTW,,"July 31, 2006"
Windstream Holdings Inc,WIN,,Cooper Tire & Rubber Co.,CTB,,"July 17, 2006"
Consol Energy Inc.,CNX,,Knight-Ridder Inc.,KRI,,"June 27, 2006"
Commerce Bancorp (New Jersey),CBH,,Engelhard Corp.,EC,,"June 5, 2006"
Juniper Networks Inc,JNPR,,Albertson's Inc.,ABS,,"June 1, 2006"
Embarq Corporation,EQ (Emb),Embarq Corporation (EQ),Applied Micro Circuits Corp.,AMCC,,"May 17, 2006"
Legg Mason Inc,LM,,Guidant Corp,GDT,,"April 21, 2006"
SanDisk Corp,SNDK,,Chiron Corp.,CHIR,,"April 19, 2006"
Dean Foods Co,DF,,Maytag Corp.,MYG,,"March 31, 2006"
Kimco Realty,KIM,,Jefferson-Pilot Corp.,JP,,"March 31, 2006"
Boston Properties,BXP,,Cinergy Corp.,CIN,,"March 31, 2006"
Alphabet Inc. Class A,GOOGL,Google Inc. (GOOG),Burlington Resources,BR (OLD),,"March 31, 2006"
Chesapeake Energy Corp,CHK,,Dana Inc,DAN,,"March 2, 2006"
Barr Pharmaceuticals Inc.,BRL,,Scientific-Atlanta Inc,SFA,,"February 24, 2006"
Verisign Inc.,VRSN,,Reebok Int'l Ltd,RBK,,"January 31, 2006"
Harman Int'l Industries Inc,HAR,,Siebel Systems Inc.,SEBL,,"January 31, 2006"
Estee Lauder Companies Inc,EL,,-,-,,"January 4, 2006"
-,-,,Mercury Interactive Corp,MERQ,,"January 3, 2006"
Viacom Inc.,VIAB,Viacom Inc (VIA),Visteon Corp.,VC,,"December 30, 2005"
Whole Foods Market Inc,WFM,Whole Foods Market (WFMI),MBNA Corp.,KRB,,"December 30, 2005"
E. W. Scripps Co,SSP,,Georgia-Pacific Group,GP,,"December 19, 2005"
Genworth Financial Inc.,GNW,,Calpine Corp.,CPN,,"December 1, 2005"
Amazon.com Inc.,AMZN,,AT&T Corp. (Old),T (Old),,"November 18, 2005"
Patterson Companies,PDCO,,Delphi Corp. (Old),DPH,,"October 10, 2005"
Lennar Corp.,LEN,,-,-,,"October 3, 2005"
Ameriprise Financial Inc,AMP,,Providian Financial Corp,PVN (Fin),,"September 30, 2005"
-,-,,Gillette Co.,G (Gil),,"September 30, 2005"
Coventry Corp,CVH,,May Dept Stores,MAY,,"August 29, 2005"
Public Storage,PSA,,Delta Air Lines Inc,DAL,,"August 18, 2005"
Murphy Oil Corp,MUR,,Nextel Communications Inc,NXTL,,"August 12, 2005"
Vornado Realty Trust,VNO,,Sungard Data Systems Inc,SDS,,"August 11, 2005"
Tyson Foods Inc,TSN,,Unocal Co,UCL,,"August 10, 2005"
Weatherford Int'l plc,WFT,,"Toys ""R"" Us, Inc.",TOY,,"July 21, 2005"
D.R. Horton Inc,DHI,,Veritas Software Corp,VRTS (Veri),,"July 1, 2005"
Constellation Brands Inc,STZ,,Great Lakes Chemical Corp,GLK (Chem),,"July 1, 2005"
Sears Holdings Corp,SHLD,,Sears Roebuck & Co,S (Sears),,"March 24, 2005"
National Oilwell Varco Inc.,NOV,,Power-One Inc,PWER,,"March 11, 2005"
XTO Energy Inc.,XTO,,People Soft Inc,PSFT,,"December 28, 2004"
Archstone-Smith Trust,ASN,"Archstone Communities Trust (ASN), Security Capital Pacific Trust (PTR)",Crane Co.,CR,,"December 17, 2004"
Twenty-First Century Fox,FOXA (Old),NWSA (Old) News Corp.,Deluxe Corp.,DLX,,"December 17, 2004"
Compass Bancshares Inc,CBSS,Central Bankshares South Inc (CBSS),Worthington Industries Inc,WOR,,"December 17, 2004"
Freescale Semiconductor Inc,FSLB,,Winn-Dixie Stores Inc (Old),WIN (W-D),,"December 2, 2004"
L-3 Comm's Holdings Inc,LLL,,Wellpoint Health Networks Inc,WLP,,"November 30, 2004"
Laboratory Corp of America Holdings,LH,,SouthTrust Corp,SOTR,,"October 29, 2004"
CIT Group Inc.,CIT,,AT&T Wireless,AWE,,"October 26, 2004"
Tapestry Inc.,TPR,Coach Inc. (COH),Charter One Financial Inc,CF (Char),,"August 31, 2004"
Fisher Scientific Int'l,FSH,,Thomas & Betts Corp,TNB,,"August 2, 2004"
Gilead Sciences Inc,GILD,,Bank One Corp.,ONE,,"June 30, 2004"
Sovereign Bancorp Inc,SOV,,Union Planters Corp.,UPC,,"June 30, 2004"
Hospira Inc.,HSP,,American Greetings Corp,AM,,"April 30, 2004"
Valero Energy Corp,VLO,,John Hancock Financial Services Inc,JHF,,"April 28, 2004"
Viatris Inc,VTRS,,Sprint PCS Group,PCS (Sprint),,"April 22, 2004"
Affiliated Computer Services,ACS,,Travelers Property Casualty,TAP.B,,"April 1, 2004"
E*Trade Financial Corp.,ETFC,E*Trade Financial Corp. (ET),FleetBoston Financial Group Inc,FBF,,"March 31, 2004"
Caremark Rx,CMX,,Tupperware Brands Corp,TUP,,"March 24, 2004"
M&T Bank Corp.,MTB,,Concord EFS Inc.,CE (Con),,"February 26, 2004"
Biogen Idec Inc,BIIB,,Biogen NV,BGEN,,"November 12, 2003"
Express Scripts Holding Co,ESRX,,Quintiles Transnational Corp,QTRN,,"September 25, 2003"
Medco Health Solution Inc,MHS,,McDermott Int'l Inc,MDR,,"August 19, 2003"
Prologis,PLD,,GenOn Energy Inc,GEN (Gen),Mirant Corp (MIR),"July 16, 2003"
Federated Hermes Inc,FHI,Federated Investors Inc (FII),Pharmacia Corp.,PHA,Monsanto Co. (Old) (MTC),"April 15, 2003"
Gen Digital Inc,GEN,"NortonLifeLock Inc (NLOK), Symantec Corp. (SYMC)",Household International Inc,HI (Hou),Household Finance Corp (HFC),"March 28, 2003"
McCormick & Company Inc,MKC,,HealthSouth Corp.,EHC,,"March 20, 2003"
Aimco,AIV,,AMR Corp.,AMR (AMR),American Airlines Inc (AMR),"March 13, 2003"
AutoNation Inc.,AN,,Rational Software Corp,RATL,,"February 21, 2003"
Quest Diagnostics Inc,DGX,,TRW Inc.,TRW (TRW),,"December 11, 2002"
Comcast Corp Class A,CMCSA,AT&T Comcast Corp. (COMCV),Comcast Corp (Old),CMCSK (Old),,"November 18, 2002"
Reynolds American Inc.,RAI,RJ Reynolds Tobacco (RJR),-,-,,"September 3, 2002"
-,-,,Conoco Inc.,COC.B,,"August 30, 2002"
Travelers Property Casualty,TAP.B,,Vitesse Semiconductor Corp,VTSS,,"August 20, 2002"
Monsanto Co.,MON,,Palm Inc.,PALM,,"August 13, 2002"
Elevance Health Inc,ELV,Anthem Inc. (ATH),CNO Financial Group,CNO,,"July 24, 2002"
Electronic Arts Inc,EA,Electronic Arts (ERTS),Placer Dome Inc.,PDG,,"July 19, 2002"
United Parcel Service Inc,UPS,,Royal Dutch Petroleum,RD,,"July 19, 2002"
Goldman Sachs Group Inc,GS,,Unilever N.V.,UN,,"July 19, 2002"
Prudential Financial Inc,PRU,,Nortel Networks,NT,,"July 19, 2002"
eBay Inc.,EBAY,,Alcan Inc.,AL (Alc),,"July 19, 2002"
Principal Financial Group Inc,PFG,,Barrick Gold Corp.,ABX,,"July 19, 2002"
Sungard Data Systems Inc,SDS,,Inco Ltd.,N (Inc),,"July 19, 2002"
North Fork BanCorp,NFB,,Immunex Corp.,IMNX,,"July 16, 2002"
Simon Property Group,SPG,,Conexant Systems,CNXT,,"June 25, 2002"
BJ Services Co.,BJS,,US Airways Group (Old),U,Allegheny Airlines Inc (ALA),"May 14, 2002"
Apollo Education Group,APOL,,WorldCom Inc,WCOM,LDDS Communications Inc (LDDS),"May 14, 2002"
Trane Inc.,TT (Tra),American Standard (ASD),Sapient Corp.,SAPE,,"May 10, 2002"
First Horizon National Corp,FHN,First Tennessee National (FTN),Compaq Computer Corp,CPQ,,"May 3, 2002"
Marshall & Ilsley Corp,MI,,Willamette Industries Inc,WLL (Wil),,"February 8, 2002"
Rational Software Corp,RATL,,Niagara Mohawk Holdings Inc.,NMK,,"January 31, 2002"
Chubb Ltd,CB,ACE Limited (ACE),Mead Corp.,MEA,,"January 29, 2002"
Plum Creek Timber Company,PCL,,Kmart Corp,KM,S. S. Kresge Co (KG),"January 16, 2002"
Waters Corp.,WAT,,FMC Corp,FMC,,"December 31, 2001"
Jones Group,JNY,,Homestake Mining Co,HM,,"December 14, 2001"
Genzyme Corp.,GENZ,,-,-,,"December 13, 2001"
-,-,,Ralston Purina Co.,RAL,,"December 12, 2001"
Equity Residential,EQR,,National Service Industries Inc,NSI,,"November 30, 2001"
Nvidia Corp.,NVDA,,Enron Corp.,ENRNQ,,"November 29, 2001"
Health Management Associates Inc,HMA,,GPU Inc.,GPU,,"November 6, 2001"
TECO Energy Inc,TE,,Global Crossing Ltd,GLBC (Glob),,"October 9, 2001"
Equity Office Properties Trust,EOP,,Texaco Inc.,TX,,"October 9, 2001"
Immunex Corp.,IMNX,,-,-,,"September 20, 2001"
-,-,,Tosco Corp.,TOS,,"September 17, 2001"
XL Group Ltd,XL,,Wachovia Corp (Old),WB (Old),,"August 31, 2001"
International Game Technology plc (Old),IGT (Old),,BroadVision Inc.,BVSN,,"August 31, 2001"
Ciena Corp.,CIEN,,American General Insurance Co,AGC,,"August 29, 2001"
Cencora Inc,COR,AmerisourceBergen Corp (ABC),ONEOK Inc,OKE,,"August 29, 2001"
Zimmer Biomet Holdings Inc,ZBH,Zimmer Holdings (ZMH),Timken Co.,TKR,,"August 6, 2001"
Family Dollar Stores Inc,FDO,,Enterasys Networks Inc.,ETS,Cabletron Systems (CS),"August 3, 2001"
PMC-Sierra Inc,PMCS,,Quaker Oats Co,OAT,,"August 2, 2001"
AT&T Wireless,AWE,,PotlatchDeltic Corp,PCH,,"July 6, 2001"
Rockwell Collins Inc,COL,,Longs Drug Stores Inc,LDG,,"June 29, 2001"
John Hancock Financial Services Inc,JHF,,Harcourt General Inc.,H (Har),General Cinema Corporation (GCN),"June 27, 2001"
Zion Bancorp,ZION,,ALZA Corp.,AZA.A,,"June 22, 2001"
Monster Worldwide Inc.,MWW,TMP Worldwide (TMPW),CIT Group Inc.,CIT,,"June 1, 2001"
Pepsi Bottling Group Inc.,PBG,,Steel Excel Inc,SXCL,,"May 11, 2001"
GenOn Energy Inc,GEN (Gen),Mirant Corp (MIR),Briggs & Stratton Corp,BGG,,"April 2, 2001"
Concord EFS Inc.,CE (Con),Concord EFS Inc. (CEFT),Ceridian Corp.,CEN,,"March 30, 2001"
Fiserv Inc,FI,Fiserv Inc (FISV),Old Kent Financial Corp,OK,,"March 30, 2001"
Cintas Corp.,CTAS,,Summit Bancorp,SUB,,"February 28, 2001"
Frontier Comm's Corp,FTR,Citizens Communications (CZN),U.S. Bancorp (First Bank),USB (FBS),First Bank System,"February 26, 2001"
Univision Comm Inc,UVN,,Union Carbide Corp Holding Co,UK,,"February 6, 2001"
Jabil Inc,JBL,,Coastal Corp.,CGP,,"January 29, 2001"
Noble Corp plc,NE,,Time Warner Inc. (Old),TWX (Old),,"January 12, 2001"
Applied Micro Circuits Corp.,AMCC,,J. P. Morgan & Co. Inc (Old),JPM (Old),,"December 29, 2000"
Fluor Corp.,FLR,,Massey Energy Co.,MEE,,"December 21, 2000"
Vitesse Semiconductor Corp,VTSS,,Springs Industries Inc.,SMI,,"December 11, 2000"
Stryker Corp.,SYK,,Russell Corp.,RML,,"December 11, 2000"
QLogic Corp.,QLGC,,Polaroid Corp,PRD,Polaroid Corp. (PRD),"December 11, 2000"
Kinder Morgan Inc,KMI,KN Energy (KNE),Nabisco Group Holding Corp,NGH,,"December 11, 2000"
Allegheny Energy Inc.,AYE,Allegheny Power Systems Inc (AYP),Bethlehem Steel Corp,BS,,"December 8, 2000"
Ambac Financial Group Inc.,AMBC,,Crown Holdings Inc,CCK,Crown Cork & Seal (CCK),"December 8, 2000"
Symbol Technologies Inc,SBL,,W. R. Grace & Co,GRA,,"December 8, 2000"
MetLife Inc.,MET,,Seagram Co. Ltd.,VO,,"December 8, 2000"
Intuit Inc.,INTU,,Owens-Illinois Inc.,OI,,"December 8, 2000"
Robert Half Int'l Inc,RHI,,-,-,,"December 4, 2000"
-,-,,Associates First Capital Corp,AFS.A,,"December 1, 2000"
Calpine Corp.,CPN,,Florida Progress Corp,FPC,,"November 30, 2000"
Chiron Corp.,CHIR,,Fort James Corp.,FJ,,"November 22, 2000"
Forest Laboratories Inc,FRX,,Seagate Technology (Old),SEG,,"November 21, 2000"
Starwood Hotels & Resorts Worldwide Inc,HOT,,Armstrong Holding Inc,ACKH,,"November 16, 2000"
BroadVision Inc.,BVSN,,Paine Webber Group Inc,PWJ,,"November 3, 2000"
NiSource Inc.,NI,,Columbia Energy Group,CG,,"November 1, 2000"
EOG Resources Inc,EOG,,Eastern Enterprises,EFU,,"November 1, 2000"
Power-One Inc,PWER,,Unicom Corp Holding Co,UCM,,"October 20, 2000"
Nabors Industries Ltd,NBR,,Mallinckrodt Inc. (Old),MKG,,"October 17, 2000"
King Pharmaceuticals Inc.,KG,,Young & Rubicam Inc,YNR,,"October 2, 2000"
Moody's Corp,MCO,,Dun & Bradstreet Corp,DNB,,"October 2, 2000"
Dynegy Inc.,DYN,,BestFoods,BFO,,"October 2, 2000"
Avaya Inc.,AV,,Owens Corning,OC,Owens Corning Fiberglass Corp (OCF),"September 29, 2000"
Devon Energy Corp.,DVN,,The Great Atlantic & Pacific Tea Co,GAP,,"August 29, 2000"
KeySpan Corp,KSE,Long Island Lighting Co (LIL),New Century Energies Inc,NCE,Public Service Co (PSR),"August 18, 2000"
Palm Inc.,PALM,,3Com Corp.,COMS,,"July 27, 2000"
VIAVI Solutions Inc,VIAV,JDS Uniphase (JDSU),Rite Aid Corp.,RAD,,"July 26, 2000"
CIT Group Inc.,CIT,,Union Pacific Resources Group Inc,UPR,,"July 14, 2000"
Janus Capital Group,JNS,Stilwell Financial (SV),Kansas City Southern,KSU,,"July 12, 2000"
Qwest Communications Int'l Inc,Q (Qwe),,US West Inc.,USW,,"July 5, 2000"
Broadcom Corp.,BRCM,,GTE Corp.,GTE (GTE),,"June 30, 2000"
Mercury Interactive Corp,MERQ,Mercury Interactive (MERQ),Milacron Inc.,MZ,,"June 28, 2000"
Visteon Corp.,VC,,IKON Office Solutions Inc,IKN,,"June 28, 2000"
Sanmina Corp.,SANM,,Warner Lambert Pharmaceutical Co,WLA,,"June 20, 2000"
Tiffany & Co.,TIF,,Silicon Graphics Inc (Old),SGI (Old),,"June 20, 2000"
Charter One Financial Inc,CF (Char),,-,-,,"June 16, 2000"
Novellus Systems Inc,NVLS (Nove),,Champion International Corp,CHA,,"June 16, 2000"
MedImmune Inc.,MEDI,,Central & South West Corp,CSR,,"June 15, 2000"
-,-,,MediaOne Group Inc.,UMG,U S West (UMG),"June 15, 2000"
Convergys Corp.,CVG,,Times Mirror Co Share,TMC.A,,"June 12, 2000"
Starbucks Corp.,SBUX,,Shared Medical Systems Corp,SMS,,"June 7, 2000"
Agilent Technologies Inc.,A,,NACCO Industries Inc,NC,,"June 2, 2000"
American Power Conversion Corp,APCC,,Mirage Resorts Inc,MIR (M. R.),,"May 31, 2000"
Maxim Integrated Products Inc,MXIM,,Jostens Inc.,JOS,,"May 9, 2000"
Siebel Systems Inc.,SEBL,,CBS Corp. (Old),CBS (Old),Westinghouse Electric Corp (WX),"May 4, 2000"
Sapient Corp.,SAPE,,Reynolds Metals Co,RLM,,"May 4, 2000"
Altera Corp.,ALTR (Alt),,Atlantic Richfield Co,ARC (Atl),,"April 17, 2000"
Linear Technology Corp.,LLTC,,Pharmacia & Upjohn Inc.,PNU,,"March 31, 2000"
Veritas Software Corp,VRTS (Veri),,"Pep Boys: Manny, Moe & Jack",PBY,,"March 31, 2000"
Sabre Holdings Corp,TSG,,Service Corp. Int'l,SCI,,"March 15, 2000"
Biogen NV,BGEN,,Foster Wheeler AG,FWLT,,"January 28, 2000"
Conexant Systems,CNXT,,Consolidated Natural Gas Co,CNG,,"January 28, 2000"
Harley-Davidson Inc,HOG,"Harley-Davidson, Inc. (HDI)",Fleetwood Enterprises Inc,FLE,,"January 28, 2000"
Young & Rubicam Inc,YNR,,NextLevel Systems Inc,NLV,NextLevel Systems (NLV),"January 5, 2000"
NCR Corp.,NCR,,-,-,,"January 3, 2000"
-,-,,Republic New York Corp,RNB,,"December 31, 1999"
Transocean Ltd,RIG,,Helmerich and Payne Inc,HP,,"December 30, 1999"
Yahoo! Inc,YHOO,,Laidlaw Int'l Inc,LI,Laidlaw Transportation Limited (LDW),"December 7, 1999"
Old Kent Financial Corp,OK,,Honeywell Inc. (Old),HON (Old),,"December 1, 1999"
Molex Inc.,MOLX,,Mobil Corp.,MOB,,"November 30, 1999"
Citrix Systems Inc,CTXS,,Pacificorp,PPW,,"November 30, 1999"
Quintiles Transnational Corp,QTRN,Quintiles Transnational (Q),King World Productions Inc.,KWP,,"November 15, 1999"
Teradyne Inc,TER,,Case Corp.,CSE,,"November 12, 1999"
Xilinx Inc.,XLNX,,L3Harris Technologies Inc,LHX,Harris Corp. (HRS),"November 5, 1999"
Pactiv Corp,PTV,Tenneco Packaging (PTV),Tenneco Inc.,TEN,,"November 4, 1999"
Comverse Technology Inc,CMVT,,Asarco Inc.,AR (Asa),,"October 26, 1999"
El Paso Corp.,EP,,Sonat Inc.,SNT,,"October 25, 1999"
Leggett & Platt Inc,LEG,,Cyprus Amax Minerals Co,CYM,,"October 15, 1999"
T. Rowe Price Group Inc,TROW,,Data General Corp.,DGN,,"October 12, 1999"
Analog Devices Inc.,ADI,,Ameritech Corp.,AIT (Ame),,"October 11, 1999"
Pinnacle West Capital Corp,PNW,,Pioneer HI Bred International Inc,PHB,,"October 1, 1999"
Bed Bath & Beyond Inc,BBBY,,Bankboston Corp.,BKB,,"September 30, 1999"
Steel Excel Inc,SXCL,,Fruit of The Loom Inc,FTL.A,,"September 30, 1999"
Global Crossing Ltd,GLBC (Glob),Global Crossing Ltd (GLBC),Frontier Corp.,FRO (Fro),Rochester Telephone Corp (RTC),"September 28, 1999"
Tosco Corp.,TOS,,Mercantile Bancorporation Inc,MTL,,"September 17, 1999"
Lexmark International Inc,LXK,,Raychem Corp.,RYC,,"August 12, 1999"
Conoco Inc.,COC.B,,Battle Mountain Gold Co,BMGCA,,"August 6, 1999"
ADC Telecommunications Inc,ADCT,,Browning Ferris Industries Inc,BFI,,"July 30, 1999"
Allied Waste Industries Inc.,AW,,Nalco Chemical Co,NLC (Nal),,"July 30, 1999"
Qualcomm Inc,QCOM,,Transamerica Corp.,TA,,"July 21, 1999"
Vulcan Materials Co,VMC,,Provident Companies Inc,PVT,,"June 30, 1999"
Best Buy Co. Inc.,BBY,,Airtouch Communications Inc.,ATI (AirT),,"June 29, 1999"
NetApp Inc,NTAP,,Ascend Comm's Inc,ASND,,"June 24, 1999"
Office Depot Inc.,ODP,,American Stores Co.,ASC (Ame),Skaggs Companys Inc. (SKG),"June 23, 1999"
Florida Progress Corp,FPC,,Morton International Inc.,MII,,"June 21, 1999"
Wellpoint Health Networks Inc,WLP,,Harnischfeger Industries,HPH,Harnischfeger Corp (HRC),"June 8, 1999"
Paine Webber Group Inc,PWJ,,Bankers Trust Corp.,BT,,"June 3, 1999"
AFLAC Inc.,AFL,,Moore Wallace Inc.,MWI,Moore Corp. (MCL),"May 27, 1999"
Delphi Corp. (Old),DPH,,Fred Meyer Inc.,FMY,,"May 27, 1999"
CMS Energy Corp,CMS,,Union Camp Corp.,UCC,,"April 30, 1999"
Allergan plc,AGN,"Actavis Plc (ACT), Watson Pharmaceuticals Inc. (WPI)",Aeroquip Vickers Inc,ANV,,"April 9, 1999"
Kansas City Southern,KSU,,Amp Inc.,AMP (Old),,"April 1, 1999"
Lumen Technologies Inc,LUMN,CenturyLink Inc (CTL),Rubbermaid Inc.,RBD,,"March 24, 1999"
AmSouth Bancorp,ASO,,Tele Communications Inc,TCOMA,,"March 9, 1999"
SouthTrust Corp,SOTR,,Oryx Energy Co.,ORX,,"February 26, 1999"
McKesson Corp.,MCK,,HBO & Co.,HBOC,,"January 12, 1999"
U.S. Bancorp,USB,Firstar Corporation (FSR),Amoco Corp.,AN (Amoco),,"December 31, 1998"
Time Warner Inc.,TWX,"AOL Time Warner Inc (AOL), American Online (AOL/AMER)",Foot Locker Inc.,FL,"Venator Group Inc. (Z), F. W. Woolworth Co","December 31, 1998"
Compuware Corp,CPWR,,Sunamerica Inc.,SAI,,"December 31, 1998"
Solectron Corp.,SLR,,PennzEnergy Co.,PZE,Pennzoil Co. (PZL),"December 30, 1998"
Carnival Corp.,CCL,,General Re Corp.,GRN,,"December 21, 1998"
Sprint PCS Group,PCS (Sprint),,Armco Inc.,AS,,"November 23, 1998"
Danaher Corp.,DHR,,Stone Container Corp.,STO,,"November 17, 1998"
Safeway Inc.,SWY,,Chrysler Corp.,C (Chrysler),,"November 12, 1998"
New Century Energies Inc,NCE,Public Service Co (PSR),Wells Fargo & Co. (Old),WFC (Old),,"November 2, 1998"
Coca-Cola European Partners plc,CCE,,Citicorp Inc (Old),CCI (Citi),,"October 7, 1998"
Staples Inc.,SPLS,,General Signal Corp,GSX,,"October 6, 1998"
AES Corp.,AES,,First Chicago NBD Corp,FCN (Fir),,"October 1, 1998"
People Soft Inc,PSFT,,United States Surgical Corp,USS,,"October 1, 1998"
Paychex Inc.,PAYX,,Dresser Industries Inc.,DI,,"September 30, 1998"
BMC Software Inc,BMC,,H. F. Ahmanson & Co.,AHM,,"September 30, 1998"
Union Planters Corp.,UPC,,BankAmerica Corp. (Old),BAC (Old),,"September 30, 1998"
Manor Care Inc.,HCR,,Manor Care Inc. (Old),MNR (Man),,"September 27, 1998"
Nabisco Group Holding Corp,NGH,,MCI Communications Corp,MCIC,,"September 15, 1998"
Provident Companies Inc,PVT,,Bay Networks Inc.,BAY,,"August 28, 1998"
Regions Financial Corp.,RF,,DSC Communications Corp.,DIGI,,"August 27, 1998"
Kohl's Corp.,KSS,,Mercantile Stores Inc,MST,,"August 13, 1998"
Electronic Data Systems Corp,EDS,,Western Atlas Inc.,WAI,,"August 10, 1998"
Waste Management Inc.,WM,USA Waste Services Inc (UW),Waste Management Inc. (Old),WMX,,"July 16, 1998"
Dollar General Corp,DG,,Giant Food Inc.,GFS.A,,"July 15, 1998"
Fred Meyer Inc.,FMY,,Echlin Inc.,ECH,,"July 9, 1998"
SLM Corp.,SLM,"USA Education Inc (SLM), Student Loan Marketing Asociation (SLMA)",Beneficial Corp.,BNL,,"June 30, 1998"
Capital One Financial Corp,COF,,Ryerson Holding Corp,RYI,Inland Steel Co (IAD),"June 30, 1998"
Bear Stearns Co,BSC,,Green Tree Financial Corp,GNT,,"June 30, 1998"
Sempra Energy,SRE,,Pacific Enterprises,PET (Old),Pacific LTG Corp (PLT),"June 29, 1998"
Ascend Comm's Inc,ASND,,Digital Equipment Corp,DEC,,"June 11, 1998"
Franklin Resources Inc,BEN,,Corestates Financial Corp.,CFL,,"April 28, 1998"
Gateway Inc.,GTW,,USF&G Corp,FG (USF),,"April 24, 1998"
Associates First Capital Corp,AFS.A,,Charming Shoppes Inc.,CHRS (Char),,"April 7, 1998"
Sealed Air Corp.,SEE,,Safety Kleen Corp (Old),SK (Old),,"March 31, 1998"
Nextel Communications Inc,NXTL,,John H. Harland Co.,JH,,"March 31, 1998"
Mercantile Bancorporation Inc,MTL,,ITT Corporation (Old),ITT (Old),ITT Industries Inc (IIN),"February 20, 1998"
Northern Trust Corp.,NTRS,,Pepsiamericas Inc.,PAS,Whitman Corp (WH),"January 29, 1998"
Summit Bancorp,SUB,,Caliber System Inc,CBB (Cal),,"January 27, 1998"
Big Lots Inc.,BIG,Consolidated Stores Corp. (CNS),Echo Bay Mines Ltd,ECO,,"January 16, 1998"
Lehman Brothers Holding,LEHMQ,,Barnett Banks Inc.,BBI (Bar),,"January 9, 1998"
Omnicom Group Inc,OMC,,Fleming Companies,FLM,,"December 23, 1997"
Cincinnati Financial Corp,CINF,,HFS Inc.,HFS,,"December 17, 1997"
Truist Financial Corp,TFC,BB&T Corp. (BBT),Beverly Enterprises Inc.,BEV,,"December 3, 1997"
Synovus Financial Corp.,SNV,,Salomon Inc.,SB (Salomon),Phibro Corp. / Phibro Salomon Inc (PSB),"November 26, 1997"
HBO & Co.,HBOC,,Louisiana Land & Exploration Co,LLX,,"October 22, 1997"
Yum! Brands Inc.,YUM,TRICON Global (YUM),Stride Rite Corp.,SRR,,"October 6, 1997"
KLA-Tencor Corp.,KLAC,,Amdahl Corp.,AMH (Amd),,"September 12, 1997"
iHeartMedia Inc,IHRT,"Clear Channel Comm's Inc. (CCU), CC Media Holdings Inc (CCMO)",Tandem Computers Inc.,TDM,,"August 29, 1997"
State Street Corp.,STT,,Nynex Corp.,NYN,,"August 15, 1997"
Mirage Resorts Inc,MIR (M. R.),,NorAm Energy Corp.,NAE (Nor),,"August 6, 1997"
Huntington Bancshares Inc,HBAN,,TXU Gas Co.,TXU (Gas),Enserch Corp. (ENS),"August 5, 1997"
Progressive Corp.,PGR,,McDonnell Douglas Corp.,MD (McD),,"August 1, 1997"
Owens-Illinois Inc.,OI,,United States Bancorp (Orig),USBC,,"August 1, 1997"
Apache Corp,APA,,Intergraph Corp,INGR (Inte),,"July 25, 1997"
Anadarko Petroleum Corp.,APC,,Santa Fe Snyder Corp.,SFS (Sant),Santa Fe Energy Resources (SFR),"July 25, 1997"
Sunamerica Inc.,SAI,,Giddings & Lewis Inc.,GIDL,,"July 16, 1997"
Mr. Cooper Group Inc,COOP,WMIH Corp (WMIH),Great Western Financial Corp,GWF,,"July 1, 1997"
Equifax Inc.,EFX,,PanEnergy Corp.,PEL,,"June 18, 1997"
Countrywide Financial Corp.,CFC,,USLife Corp.,USH,,"June 17, 1997"
Providian Financial Corp,PVN (Fin),,Providian Corp.,PVN,,"June 10, 1997"
Charles Schwab Corp.,SCHW,,Dean Witter Discover & Co.,DWD,,"May 30, 1997"
Cardinal Health Inc.,CAH,,Conrail Inc.,CRR (Con),,"May 23, 1997"
Adobe Systems Inc.,ADBE,,Santa Fe Pacific Gold Corp.,GLD,,"May 5, 1997"
PAR Technology Corp,PAR,Parametric Technology Corp (PMTC),Pacific Telesis Group,PAC,,"April 2, 1997"
CNO Financial Group,CNO,,Alexander & Alexander Services Inc,AAL (Alex),,"January 14, 1997"
HealthSouth Corp.,EHC,Healthsouth Corp (HLS),Boatmens Bancshares Inc.,BOAT,,"January 7, 1997"
Thermo Fisher Scientific Inc,TMO,,Shoney's Inc.,SHN,,"December 31, 1996"
AutoZone Inc,AZO,,Luby's Inc,LUB,,"December 31, 1996"
Frontier Corp.,FRO (Fro),Rochester Telephone Corp (RTC),Ryan's Restaurant,RYAN,,"December 31, 1996"
Guidant Corp,GDT,,Bally Entertainment Corp.,BLY,,"December 18, 1996"
MBIA Inc,MBI,,Con-Way Inc.,CNW,Consolidated Freightways (CNF),"December 2, 1996"
IMS Health Holdings Inc,IMS,Cognizant Corp. (CZT),YRC Worldwide Inc.,YRCW,Yellow Corp. (YELL),"November 1, 1996"
Union Pacific Resources Group Inc,UPR,,Transitional Hospitals Corp,THY,Community Psychiatric Cent. (CMY),"October 15, 1996"
Lucent Technology,LU,,Outboard Marine Corp.,OM,,"September 30, 1996"
Dell Inc,DELL,,Varity Corp.,VAT,,"September 5, 1996"
Seagate Technology (Old),SEG,,Covanta Holding Corp,CVA,Ogden Corp. (OG),"August 15, 1996"
HFS Inc.,HFS,,MoneyGram Int'l Inc,MGI,Dial Corp. (DL),"August 15, 1996"
Battle Mountain Gold Co,BMGCA,,Caleres Inc,CAL,"Brown Shoe Co Inc. (BWS), Brown Group (BG)","July 19, 1996"
MGIC Investment Corp,MTG,,United States Healthcare Inc,USHC,,"July 18, 1996"
Tupperware Brands Corp,TUP,,Premark Int'l Inc,PMI (Prem),,"May 30, 1996"
Aon plc,AON,Aon Corp (AOC),Loral Corp.,LOR,,"April 22, 1996"
WorldCom Inc,WCOM,LDDS Communications Inc (LDDS),Chase Manhattan Corp. (Old),CMB,,"March 29, 1996"
NextLevel Systems Inc,NLV,,First Interstate Bancorporation,I (Fir),,"March 29, 1996"
EMC Corp.,EMC,,Cray Research Inc,CYR,,"March 27, 1996"
Green Tree Financial Corp,GNT,Green Tree Financial (GNT),Federal Paper Board Inc,FBO,,"March 12, 1996"
Fifth Third Bancorp,FITB,,Handleman Co.,HDLM,,"March 7, 1996"
Bay Networks Inc.,BAY,,Capital Cities/ABC Inc.,CCB (Cap),,"February 9, 1996"
Case Corp.,CSE,,Brinks Co.,BCO,Pittston Company (PCO/PZB/PZS),"January 19, 1996"
3Com Corp.,COMS,,First Fidelity Bancorp,FFB,,"December 29, 1995"
Hartford Financial Services Group Inc,HIG,ITT Hartford Group Inc. (HIG),Zurn Industries Inc,ZRN,,"December 19, 1995"
ITT Corporation (Old),ITT (Old),,ITT Corp. (Original),IIN (ITT),Int'l Telep. & Telegr. Corp (IIN),"December 19, 1995"
ITT Inc,ITT,ITT Industries Inc. (IIN),Morrison Knudsen Corp.,MRN,Morrison Knudsen (MK),"December 19, 1995"
LSI Corp,LSI (LSI),,Scott Paper Co.,SPP,,"December 13, 1995"
Comerica Inc.,CMA,,Shawmut National Corp.,SNC,,"November 30, 1995"
Humana Inc.,HUM,,First Chicago Corp. (Old),FNB (Fir),First Chicago (FCB),"November 30, 1995"
PPL Corp.,PPL,,CBS Inc.,CBS (Inc),,"November 24, 1995"
Macy's Inc.,M,Federated Dept. Stores (FD),Zenith Electronics Corp,ZE,,"November 7, 1995"
Pharmacia & Upjohn Inc.,PNU,,Upjohn Co.,UPJ,,"November 2, 1995"
MediaOne Group Inc.,UMG,US West Media Group (UMG),Bassett Furniture Industries Inc,BSET,,"October 31, 1995"
U.S. Bancorp (First Bank),USB (FBS),First Bank System,Chemfirst Inc,CEM,First Mississippi (FRM),"October 20, 1995"
Morgan Stanley,MS,,Santa FE Pac Corp,SFX,,"September 21, 1995"
Willamette Industries Inc,WLL (Wil),Willamette Indus. (WMTT),Brunos Inc,BRNO,,"August 17, 1995"
Freeport-McMoRan Inc.,FCX,,Skyline Champion Corp,SKY,,"July 28, 1995"
Allstate Corp.,ALL,,SPX Corp.,SPXC,,"July 12, 1995"
Republic New York Corp,RNB,,Lotus Development Corp,LOTS,,"July 3, 1995"
Tellabs Inc.,TLAB,,MA.com Inc,MAI,,"June 30, 1995"
Darden Restaurants Inc,DRI,,Hartmarx Corp,HMX,,"May 26, 1995"
Fruit of The Loom Inc,FTL.A,,OshKosh B'gosh Inc.,GOSHA,,"May 26, 1995"
Enterasys Networks Inc.,ETS,Cabletron Systems (CS),Clark Equipment Co,CKL,,"May 19, 1995"
Loews Corp.,L,,Continental Corp,CIC,,"May 9, 1995"
Avis Budget Group,CAR,CUC International (CU),E-Systems Inc,ESY,,"April 28, 1995"
Laidlaw Int'l Inc,LI,Laidlaw Transportation Limited (LDW),Safety Kleen Corp,REN (Rol),,"March 31, 1995"
Bank of New York Mellon Corp,BK,Bank of New York (BK),Maxus Energy Corp,MXS,,"March 30, 1995"
Applied Materials Inc.,AMAT,,Martin Marietta Corp,ML (Mar),,"March 15, 1995"
Boston Scientific Corp,BSX,,National Education Corp,NEC,,"February 23, 1995"
GPU Inc.,GPU,,Pet Inc,PT,,"February 8, 1995"
Silicon Graphics Inc (Old),SGI (Old),,Transco Energy Co,E,,"January 17, 1995"
Alltel Corp,AT (All),,Hexion Specialty Chemicals,HXN,Borden Inc. (BN),"December 20, 1994"
Cinergy Corp.,CIN,,PSI Resources Inc,PIN (PSI),,"October 24, 1994"
Santa Fe Pacific Gold Corp.,GLD,,Genesco Inc,GCO,,"September 30, 1994"
Paramount Global,PARA,"ViacomCBS Inc (VIAC), CBS Corp (CBS), Viacom Inc Old (VIA)",Blockbuster Entertainment,BV (Blo),,"September 29, 1994"
Micron Technology Inc,MU,,Avatex Corp (Old),AAV,National Steel Corp (NS),"September 26, 1994"
National City Corp.,NCC,,American Cyanamid Co,ACY,,"September 26, 1994"
First Data Corp.,FDC,,McKesson Corp.,MCK,,"September 26, 1994"
Sigma-Aldrich Corp.,SIAL,,McCaw Cellular Comm.,MCAWA,,"September 20, 1994"
Southwest Airlines Co,LUV,,UAL Corp,UAL (Old),UAL Inc (UAL),"July 12, 1994"
UnitedHealth Group Inc,UNH,United HearthCare Corp. (UNH),Gerber Products Co,GEB,,"June 30, 1994"
Microsoft Corp.,MSFT,,Syntex Corp,SYN (Syn),,"June 6, 1994"
United States Healthcare Inc,USHC,,Grumman Corp,GQ,,"April 15, 1994"
Airtouch Communications Inc.,ATI (AirT),PacTel Corp. (PTW),Fedders Corp,FJCC,,"April 5, 1994"
Western Atlas Inc.,WAI,,Litton Industries Inc,LIT,,"March 17, 1994"
Unum Group,UNM,,Newmarket Corp,NEU,Ethyl Corp. (EY),"March 10, 1994"
KeyCorp,KEY,,CNA Financial Corp,CNA,,"March 1, 1994"
Eastman Chemical Co,EMN,,NL Industries Inc,NL,,"January 3, 1994"
Cisco Systems Inc,CSCO,,Travelers Corp,TIC,,"December 30, 1993"
Burlington Resources,BR (OLD),,Paramount Communications Inc,PCI,,"November 22, 1993"
Barrick Gold Corp.,ABX,American Barrick Res. (ABX),AMAX Inc.,AMX (AMA),,"November 12, 1993"
Costco Wholesale Corp,COST,Price/Costco (PCCW),Price Co,PCLB,,"October 21, 1993"
Pioneer HI Bred International Inc,PHB,,JWP Inc.,JWP,,"October 13, 1993"
Marriott International Inc,MAR,,Marriott Corp.,MHS (Mar.),,"October 11, 1993"
Wachovia Corp (Old),WB (Old),,Quantum Chemical Corp,CUE (Qua),,"September 30, 1993"
HCA Holdings Inc,HCA,Columbia Healthcare Corp. (COL),Galen Health Care Inc,GHC (Galen),,"August 31, 1993"
Dean Witter Discover & Co.,DWD,,Interlake Corp,IK,,"July 12, 1993"
McCaw Cellular Comm.,MCAWA,,Westmoreland Coal Co,WLB,,"June 30, 1993"
Galen Health Care Inc,GHC (Galen),,Humana Inc.,HUM,Extendicare Inc (XTC),"March 5, 1993"
Interpublic Group of Companies Inc,IPG,,Wetterau Inc,WETT,,"October 29, 1992"
Sun Microsystems,JAVA,Sun Microsystems (SUNW),Wang Laboratories Inc,WANG,,"August 19, 1992"
Linde plc,LIN,Praxair Inc (Px),Acme-Cleveland Corp,AMT (Acme),,"July 2, 1992"
United States Surgical Corp,USS,,Genesis Worldwide Inc,GWO,Monarch Machine Tool (MMO),"July 2, 1992"
Giddings & Lewis Inc.,GIDL,,BNS Holding Inc,BNSSA,Brown & Sharpe (BNS),"July 2, 1992"
MBNA Corp.,KRB,,Security Pacific Corp,SPC,,"April 22, 1992"
Allergan Inc. (Old),AGN (Old),,USG Corp,USG,,"February 7, 1992"
Amgen Inc.,AMGN,,Manufacturers Hanover Corp,MHC,,"December 31, 1991"
Freddie Mac (FHLMC),FMCC,,C&S/Sovran Corp,CVN (C&S),,"December 31, 1991"
Great Lakes Chemical Corp,GLK (Chem),,Harcourt Brace Jovanovich,HBJ,,"November 22, 1991"
Novell Inc,NOVL,,Cross & Trecker Corp,CTCO (Cro),,"October 31, 1991"
Ameren Corp.,AEE,Union Electric Co (UEP),NCR Corp.,NCR,,"September 19, 1991"
Brunos Inc,BRNO,,Square D Co,SQD,,"May 21, 1991"
Marathon Oil Corp.,MRO,USX-Marathon (MRO),USX Corporation,X (Old),United States Steel Company (Old),"May 6, 1991"
United States Steel Corp,X,,Tonka Corp,TKA,,"May 6, 1991"
Transco Energy Co,E,,U.S. Home Corp,UH,,"April 16, 1991"
Pet Inc,PT,,Datapoint Corp,DPT,Cattlesale Company (CTLE),"April 1, 1991"
Boatmens Bancshares Inc.,BOAT,,Broadway Stores Inc,BWY (Broa),Carter Hawley Hale (CHH),"February 12, 1991"
Blockbuster Entertainment,BV (Blo),,Pan Am Corp,PN (Pan),,"January 9, 1991"
Corestates Financial Corp.,CFL,CoreStates Financial (CSFN),MCA Inc,MCA,,"December 28, 1990"
ALZA Corp.,AZA.A,,Lone Star Industries Inc,LCE,,"December 11, 1990"
Santa Fe Snyder Corp.,SFS (Sant),Santa Fe Energy Resources (SFR),Furniture Brands International,FBNI,,"December 4, 1990"
United States Bancorp (Orig),USBC,,Corroon & Black Corp,CBL (Cor),,"October 5, 1990"
JWP Inc.,JWP,,Prime Hospitality Corp,PDQ,,"September 19, 1990"
C&S/Sovran Corp,CVN (C&S),,Sovran Financial Corp.,SOV (Sovran),"Sovran Financial Corp (SOVN), Virginia National Bankshares Inc (VNAT)","September 3, 1990"
Biomet Inc.,BMET,,Philips Industries Inc,PHL (Phi),,"August 22, 1990"
"Pep Boys: Manny, Moe & Jack",PBY,,NextLevel Systems Inc,GRL,,"August 13, 1990"
Morrison Knudsen Corp.,MRN,Morrison Knudsen (MK),Genentech Inc,DNA,Genentech Inc (GENE),"June 7, 1990"
Cooper Tire & Rubber Co.,CTB,,Norton Co,NRT,,"May 24, 1990"
Nalco Chemical Co,NLC (Nal),,Great Northern Nekoosa Corp,GNN,,"March 6, 1990"
Echo Bay Mines Ltd,ECO,,LIN Broadcasting Corp,LINB,,"March 2, 1990"
Harrah's Entertainment,CZR (Har),Promus Inc. (PRI),Holiday Corp,HIA,,"February 7, 1990"
Autodesk Inc.,ADSK,Autodesk Inc. (ACAD),Ramada Inc,RAM (Ram),,"December 20, 1989"
Stride Rite Corp.,SRR,,Combustion Engineering Inc,CSP,,"December 15, 1989"
St. Jude Medical Inc,STJ,,Noxell,NOXLB,,"November 30, 1989"
John H. Harland Co.,JH,,American Medical Holdings,AMI (Ame),,"October 25, 1989"
American Greetings Corp,AM,,Squibb Corp,SQB,,"October 4, 1989"
Harnischfeger Industries,HPH,Harnischfeger Corp (HRC),Jerrico Inc,JERR,,"September 21, 1989"
Ryan's Restaurant,RYAN,,Cullinet Software Inc,CUL (Cul),,"September 14, 1989"
MoneyGram Int'l Inc,MGI,Greyhound Corp. (G),R&B Falcon Corp,FLC,Reading & Bates (RB),"August 24, 1989"
Progress Energy Inc.,PGN,Carolina Power & Light (CPL),Marion Merrell Dow,MKC (Marion),Marion Labs Inc (MKC),"August 24, 1989"
Cyprus Amax Minerals Co,CYM,,Prime Computer Inc.,PRM (Pri),,"August 24, 1989"
Oracle Corp.,ORCL,,Ideal Basic Industries Inc,IDL,,"August 3, 1989"
Ashland Global Holdings Inc,ASH,,ASA Gold & Precious Metals Ltd,ASA,,"August 3, 1989"
Nicor Inc.,GAS (Nico),,Warner Communications Inc,WCI,,"August 3, 1989"
Sprint Corp,S,"Sprint Nextel Corp (S), United Telecommunications (UT)",Nortwest Airlines,NWA,NWA Inc (NWA),"July 27, 1989"
Johnson Controls International plc,JCI,"Tyco International (TYC), Tyco Labs Inc. (TYC)",Smithkline Beckman Corp,SKB,,"July 27, 1989"
Jostens Inc.,JOS,,C&NW Corp,CNW (Trans.),Chicago & North West. Tran. Co. (CNW),"July 20, 1989"
Morton International Inc.,MII,,Morton Thiokol Inc.,MTI,,"June 29, 1989"
Shawmut National Corp.,SNC,,United Cable Television,UCT,,"June 1, 1989"
Circuit City Stores Inc.,CC (Circ),,Champion Spark Plug,CHM,,"May 11, 1989"
Newell Brands Inc,NWL,,Texas Eastern Corp,PEL (Texas),Texas Eastern Corp (TET),"April 27, 1989"
Globe Life Inc,GL,Torchmark Corp. (TMK),Coleman Co,CLN,,"April 27, 1989"
Premark Int'l Inc,PMI (Prem),,Emery Air Freight Corp,EAF,,"April 6, 1989"
Wetterau Inc,WETT,,West Point-Pepperell,WPM,,"April 6, 1989"
Pacificorp,PPW,,Hospital Corp of America,HCA (Old),Hospital Corp of America (HSP),"March 16, 1989"
KB Home,KBH,,Sunamerica Inc.,SAI,"Kaufman & Broad Inc. (KB), Broad Inc. (BRO)","March 8, 1989"
National Education Corp,NEC,,Church's Fried Chicken Inc,CHU,,"March 2, 1989"
Wachovia Corp.,WB,First Union Corp (FTU),RJR Nabisco Inc,RJR,RJ Reynolds Industries Inc (RJR),"February 9, 1989"
King World Productions Inc.,KWP,,Tiger International,TGR,,"February 9, 1989"
Ecolab Inc.,ECL,,Lorimar Telepictures,LT,,"January 12, 1989"
NorAm Energy Corp.,NAE (Nor),Arkla Inc. (ALG),Pillsbury Co,PSY,,"January 5, 1989"
Corroon & Black Corp,CBL (Cor),,Primerica Corp,PA (Pri),American Can Co. (AC),"December 22, 1988"
Sovran Financial Corp.,SOV (Sovran),Virginia National Bankshares Inc (VNAT),Kraft Inc,KRA (Kra),Dart & Kraft Inc (DKI),"December 8, 1988"
FleetBoston Financial Group Inc,FBF,Fleet Norstart Financial (FNG),MacMillan Inc,MLL,,"November 10, 1988"
Nike Inc.,NKE,Nike Inc (NIKE),Kaisertech Ltd,KLU,,"November 3, 1988"
Oryx Energy Co.,ORX,Sun Exploration & Prod. (XP),Redman Industries Inc,RDMN,,"October 27, 1988"
Alexander & Alexander Services Inc,AAL (Alex),,Gould Inc,GLD (Gould),,"October 6, 1988"
Fannie Mae (FNMA),FNMA,,Fort Howard Corp (Old),FHP,,"August 11, 1988"
Millipore Corp,MIL,,Mohasco Corp,MOH (Moh),,"July 14, 1988"
Worthington Industries Inc,WOR,Worthington Industries (WTHG),Coleco Industries,CLO,,"July 14, 1988"
Raychem Corp.,RYC,,Koppers Holdings Inc,KOP,,"June 16, 1988"
First Fidelity Bancorp,FFB,,Coltec Industries Inc,COT,Colt Industries (COT),"June 9, 1988"
Golden West Financial,GDW,,Lucky Stores Inc,LKS,,"June 9, 1988"
Citigroup Inc.,C,"Travelers Group Inc. (TRV), Commercial Credit (CCC), Primerica Corp. (PA)",IMS International Inc,IMSI,,"May 26, 1988"
Norton Co,NRT,,J. P. Stevens & Co,STN (J. ),,"May 12, 1988"
Marion Merrell Dow,MKC (Marion),Marion Labs (MKC),Federated Department Stores (Old),FDS (Fed),,"May 5, 1988"
SunTrust Banks Inc,STI,,Firestone Tire & Rubber Co,FIR,Firestone Inc (FIR),"May 5, 1988"
Bank One Corp.,ONE,,American Standard,AST (Ame),,"April 28, 1988"
PNC Financial Services Group Inc,PNC,,First Republic Bank,FRC,,"April 14, 1988"
Security Pacific Corp,SPC,,Roper Technologies Inc,ROP,,"April 14, 1988"
General Re Corp.,GRN,,Financial Corp Of America,FIN,,"April 14, 1988"
Home Depot Inc,HD,,Brockway Inc,BRK,,"March 3, 1988"
Compaq Computer Corp,CPQ,,Sterling Drug Inc,STY,,"February 25, 1988"
McKesson Corp.,MCK,,Singer Co.,SMF (Sin),,"February 11, 1988"
Helmerich and Payne Inc,HP,,Western Company of North America,WSN,,"February 11, 1988"
IKON Office Solutions Inc,IKN,Alco Standard Co. (ASN),Computervision Corp (Old),CVN (Comp.),,"February 11, 1988"
Pall Corp.,PLL,,Jim Walter Corp,JWC,,"December 31, 1987"
Philips Industries Inc,PHL (Phi),,Heileman (G.) Brewing Inc,GHB,,"December 31, 1987"
Avery Dennison Corp,AVY,,Tracor Inc (Old),TRR (Tra),,"December 24, 1987"
Covanta Holding Corp,CVA,Ogden Corp (OG),Becor Western Inc,BCW,Bucyrus Erie Co (BY),"December 10, 1987"
Fleming Companies,FLM,,7-Eleven Inc,SE (7-E),Southland Corp (SLC),"December 10, 1987"
Comcast Corp (Old),CMCSK (Old),,Taft Broadcasting Co,TFB,,"October 8, 1987"
Safety Kleen Corp (Old),SK (Old),,Supermarkets General Corp,SGL,,"October 8, 1987"
IMS International Inc,IMSI,,Burlington Industries Inc,BUR,,"September 10, 1987"
Moore Wallace Inc.,MWI,Moore Corp Ltd (MCL),Dome Mines Ltd,DM (Dom),,"August 20, 1987"
Placer Dome Inc.,PDG,,Campbell Red Lake Mines Ltd,CRK (Cam),,"August 20, 1987"
Giant Food Inc.,GFS.A,,American Motors Corp,AMO,,"August 6, 1987"
Marsh & McLennan Companies Inc,MMC,,BorgWarner Inc,BWA,Borg-Warner Corp (BOR),"August 6, 1987"
CA Inc,CA,Computer Associates Int'l (CA),Allis Chalmers Corp,AH (All),,"July 9, 1987"
Conrail Inc.,CRR (Con),,Leaseway Transportation Corp (Old),LTC (Lea),,"July 9, 1987"
Koppers Holdings Inc,KOP,,Standard Oil Co Ohio,SRD,,"July 2, 1987"
Transitional Hospitals Corp,THY,Community Psychiatric Centers (CMY),Joy Manufacturing Co,JOY (Manuf.),,"June 25, 1987"
Jerrico Inc,JERR,,Rexnord Inc,REX (Rex),,"May 7, 1987"
First Republic Bank,FRC,First Republic Bancorp Inc (FRBC),First Pennsylvania Corp,FPA,,"April 23, 1987"
Wells Fargo & Co. (Old),WFC (Old),,Interfirst Corp,IFC (Int),,"April 23, 1987"
First Chicago NBD Corp,FCN (Fir),"NBD Bancorp Inc. (NBD), National Detroit Corp (NBD)",Texas Commerce Bancshares Inc,TCB (Tex),,"April 23, 1987"
UST Inc.,UST,,Baker International Corp,BKO,,"April 9, 1987"
Baker Hughes Co,BKR,"Baker Hughes Inc (BHI), (BHGE)",Hughes Tool Co,HT (Hug),,"April 9, 1987"
Brockway Inc,BRK,,Owens-Illinois Inc.,OI,,"March 26, 1987"
Morton Thiokol Inc.,MTI,,Kaiser Cement Corp,KCC,,"March 5, 1987"
Newmarket Corp,NEU,Ethyl Corp (EY),Celanese Corp,CZ,,"February 26, 1987"
Charming Shoppes Inc.,CHRS (Char),,Chesebrough Ponds Inc,CBM (Che),,"February 12, 1987"
Reebok Int'l Ltd,RBK,,Allied Stores Corp,ALS (All),,"January 8, 1987"
US Airways Group (Old),U,Allegheny Airlines Inc (ALA),Chicago Pneumatic Tool Co,CGG,,"December 18, 1986"
Service Corp. Int'l,SCI,,Collins & Aikman Corp (Old),CK (Col),,"December 18, 1986"
Sysco Corp.,SYY,,Overnite Transportation Co,OVT,,"December 18, 1986"
Temple-Inland Inc.,TIN,,"Revco, D. S. Inc",RDS,,"December 18, 1986"
National Service Industries Inc,NSI,,Ryan Homes Inc,RYN (Rya),,"December 4, 1986"
H&R Block Inc,HRB,,Safeway Stores Inc,SA,,"November 28, 1986"
Amdahl Corp.,AMH (Amd),,Fruehauf Corp,FTR (Frue),,"October 23, 1986"
Medtronic PLC,MDT,,Hiram Walker Resources,HWR,,"October 23, 1986"
Supermarkets General Corp,SGL,,Associated Dry Goods Corp,DG (Dry),,"October 9, 1986"
Dillard's Inc.,DDS,,Ex-Cell-O Corp,XLO,,"October 2, 1986"
Lotus Development Corp,LOTS,,Sperry Corp,SY (Spe),,"September 18, 1986"
Gap Inc.,GPS,,Sanders Associates Inc,SAA,,"August 21, 1986"
Nordstrom Inc,JWN,Nordstrom Inc (NOBE),Thrifty Corp,TFD,,"August 7, 1986"
Genentech Inc,DNA,Genentech Inc (GENE),LTV Corp,LTV,,"July 24, 1986"
Prime Hospitality Corp,PDQ,Prime Motor Inns Inc (PDQ),Macy (R. H.) & Co (Old),MZ (Macy),,"July 17, 1986"
Manor Care Inc. (Old),MNR (Man),,RCA Corp,RCA,,"June 12, 1986"
Beverly Enterprises Inc.,BEV,,MEI Diversified Inc,MEI (MEI),,"June 5, 1986"
Bausch & Lomb Inc.,BOL,,Amsted Industries Inc,AD (Ams),,"May 8, 1986"
Rubbermaid Inc.,RBD,,White Consolidated Indust. Inc,WSW,,"May 8, 1986"
Thrifty Corp,TFD,,Crown Zellerbach Corp,ZB,,"May 8, 1986"
Johnson Controls (Old),JCI (Old),,National Gypsum Co (Old),NG (Nat),National Gypsum Co (Old) (NG (Nat)),"May 8, 1986"
Fort James Corp.,FJ,James River Corp (JR),Eckerd Corp,ECK,,"May 8, 1986"
Deluxe Corp.,DLX,,Beatrice Company,BRY (Bea),,"April 24, 1986"
Lorimar Telepictures,LT,,MGM/UA Entertainment Co,MGM (UA),,"April 3, 1986"
Illinois Tool Works Inc,ITW,,Texas Oil & Gas Corp,TXO,,"February 13, 1986"
Tribune Media Co,TRCO,,Global Marine Inc,GLM,,"January 30, 1986"
OshKosh B'gosh Inc.,GOSHA,,Cluett Peabody & Co Inc,CLU (Clu),,"January 23, 1986"
United Cable Television,UCT,,American Broadcasting Cos Inc,ABC (Bro.),,"January 9, 1986"
Sanders Associates Inc,SAA,,Storer Communications Inc,SCI (Sto),,"December 12, 1985"
Tracor Inc (Old),TRR (Tra),,Mesa Petroleum Co,MSA (Mes),,"December 12, 1985"
Longs Drug Stores Inc,LDG,,Revlon Inc,REV,,"November 21, 1985"
Safety Kleen Corp,REN (Rol),,American Hospital Supply Corp,AHS,,"November 21, 1985"
E-Systems Inc,ESY,,Lowenstein M. Corp,LST,,"November 14, 1985"
Parker-Hannifin Corp,PH,,General Foods Corp,GF,,"November 7, 1985"
Coltec Industries Inc,COT,Colt Industries Inc (COT),Peabody International Corp,PBD,,"October 24, 1985"
Dover Corp.,DOV,,Beker Industries Corp,BKI (Bek),,"October 24, 1985"
Bally Entertainment Corp.,BLY,,AMF Inc,AMF,,"October 10, 1985"
Syntex Corp,SYN (Syn),,Uniroyal Inc,R (Uni),,"September 26, 1985"
TJX Companies Inc.,TJX,Zayre Corp (ZY),Signal Companies Inc,SGN,,"September 26, 1985"
Fort Howard Corp (Old),FHP,Fort Howard Paper Co (FHP),Searle G. D. & Co,SRL,,"September 26, 1985"
Price Co,PCLB,,Nabisco Brands Inc,NB,,"September 12, 1985"
Loral Corp.,LOR,,Levi Strauss & Co,LVI,,"September 5, 1985"
LIN Broadcasting Corp,LINB,,Northwest Industries Inc,NWT,,"August 1, 1985"
Tele Communications Inc,TCOMA,,Cox Communications Inc,COX,,"August 1, 1985"
CenterPoint Energy Inc,CNP,Houston Industries Inc (HOU),Houston Natural Gas Corp,HNG,,"July 25, 1985"
Northrop Grumman Corp.,NOC,,Shell Oil Co,SUO,,"June 13, 1985"
Coastal Corp.,CGP,,American Natural Resource Co,ANR (Ame),,"May 23, 1985"
Luby's Inc,LUB,,Pabst Brewing Co,PABT,,"May 16, 1985"
Revvity Inc,RVTY,"PerkinElmer Inc (PKI), EG & G Inc. (EGG)",National Can Corp,NAC (Nat),,"May 9, 1985"
Cray Research Inc,CYR,,McGraw Edison Co,MGR (McG),,"May 9, 1985"
Nucor Corp.,NUE,,Handy & Harman Ltd,HNH,"WHX Corp, Wheeling Pittsburgh Steel Corp (WHX)","April 18, 1985"
Air Products & Chemicals Inc,APD,,Stauffer Chemical Co,STF,,"April 11, 1985"
Great Northern Nekoosa Corp,GNN,,SFN Companies Inc,SFN (SFN),,"February 7, 1985"
Supervalu Inc.,SVU,Super Valu Stores Inc (SVU),Carnation Company,CMK,,"January 31, 1985"
Shoney's Inc.,SHN,Shoneys Inc (SHON),Dennys Inc,DEN,,"January 31, 1985"
Rowan Companies plc,RDC,,SEDCO Inc,SED,,"January 10, 1985"
Prime Computer Inc.,PRM (Pri),,Aramark Corp,ARMK,ARA Services Inc (ARA),"December 27, 1984"
Andrew Corp.,ANDW,,Jewel Companies Inc,JWL (Jew),,"November 23, 1984"
New York Times Co,NYT,,St. Regis Corp,SRT (St.),,"November 23, 1984"
Russell Corp.,RML,,Blue Bell Inc,BBL,,"November 23, 1984"
Albertson's Inc.,ABS,,Rolm Corp,RM (Rol),,"November 23, 1984"
Intergraph Corp,INGR (Inte),,Storage Technology Corp,STK,,"November 8, 1984"
Kate Spade & Co,KATE,"Liz Claiborne Inc (LIZ, LIZC)",Amerifin Corp,AFN,,"October 25, 1984"
Texas Commerce Bancshares Inc,TCB (Tex),,Jonathan Logan Inc,JOL,,"October 25, 1984"
Shared Medical Systems Corp,SMS,Shared Medical Systems Corp (SMED),Electronic Data Systems Corp,EDS,,"October 25, 1984"
Maxus Energy Corp,MXS,Diamond Shamrock Corp (DIA),Continental Group Inc,CCC,,"October 4, 1984"
Kerr-McGee Corp.,KMG (Ker),,Superior Oil Co,SOC (Sup),,"October 4, 1984"
Ball Corp,BALL,Ball Corp (BLL),SCA Services Inc,SCV,,"October 4, 1984"
Barnett Banks Inc.,BBI (Bar),Barnett Banks Florida Inc (BBF),Continental Bank Corp,CBK (Con),Continental Bank Corp (CIL),"October 4, 1984"
Hasbro Inc.,HAS,,Milton Bradley Co,MB (Mil),,"September 13, 1984"
DSC Communications Corp.,DIGI,Digital Switch Corp (DIGI),Esmark Inc (Old),ESM,,"August 16, 1984"
Noxell,NOXLB,,Faberge Inc,FBG,,"August 9, 1984"
Lockheed Martin Corp.,LMT,Lockheed Corp (LK),ACF Industries Inc,ACF (ACF),,"July 19, 1984"
LTV Corp,LTV,,Republic Steel Corp,RS (Rep),,"July 19, 1984"
RR Donnelley & Sons Co,RRD,RR Donnelley & Sons Co (DNY),Royal Crown Cos Inc,RCC,,"July 19, 1984"
Storer Communications Inc,SCI (Sto),,Metromedia Inc,MET (Metro),,"June 28, 1984"
Advanced Micro Devices Inc,AMD,,Gulf Corp,GO,,"June 21, 1984"
Hess Corp,HES,Amerada Hess Corp (AHC),Masonite Corp,MNC (Mas),,"May 17, 1984"
Cullinet Software Inc,CUL (Cul),,Tymshare Inc,TYM,,"May 3, 1984"
Ryan Homes Inc,RYN (Rya),,Evans Products Co,EVY,,"April 12, 1984"
PulteGroup Inc,PHM,Pulte Home Corp (PHM),Cone Mills Corp,COE,,"April 12, 1984"
MEI Diversified Inc,MEI (MEI),,Getty Oil Co,GET,,"March 1, 1984"
Computervision Corp (Old),CVN (Comp.),,Doctor Pepper Co,DOC (Doc),,"March 1, 1984"
Lowe's Companies Inc,LOW,,Trane Company,TRA (Tra),,"March 1, 1984"
Tandem Computers Inc.,TDM,Tandem Computers Inc (TNDM),Hyster Company,HYST,,"March 1, 1984"
7-Eleven Inc,SE (7-E),Southland Corp (SLC),AMSTAR Corp,ASR,,"February 16, 1984"
C&NW Corp,CNW (Trans.),Chicago & North West. Tran. Co. (CNW),Southern Pacific Co,SX,,"December 29, 1983"
Santa FE Pac Corp,SFX,,Santa Fe Industries Inc.,SFF,,"December 29, 1983"
Ameritech Corp.,AIT (Ame),Ameritech Corp. (AIT),Brooklyn Union Gas Co,BU,,"December 1, 1983"
Verizon Communications Inc,VZ,Bell Atlantic Corp (BEL),El Paso Co,ELG,,"December 1, 1983"
BellSouth Corp.,BLS,,New England Electric Systems,NES (Eng),,"December 1, 1983"
Nynex Corp.,NYN,,Wisconsin Electric Power,WPC (Wis),,"December 1, 1983"
Pacific Telesis Group,PAC,,Sprint Corp,S,"Sprint Nextel Corp (S), United Telecommunications (UT)","December 1, 1983"
AT&T Inc.,T,Southwestern Bell Corp (SBC),Continental Telecom Inc,CTC,,"December 1, 1983"
US West Inc.,USW,,Centel Corp,CNT (Cen),,"December 1, 1983"
Houston Natural Gas Corp,HNG,,Texas Gas Resources Corp,TXG,Texas Gas Transmission Corp (TXG),"October 20, 1983"
Bath & Body Works Inc,BBWI,"Limited Brands (LTD), L Brands Inc (LB)",Norton Simon Inc,NSI (Norton),,"September 15, 1983"
"Toys ""R"" Us, Inc.",TOY,,Maryland Cup Corp,MDC (Mar),,"September 8, 1983"
ConAgra Brands Inc,CAG,,Stokely-Van Camp Inc,SVC (Sto),,"September 1, 1983"
Financial Corp Of America,FIN,,First Charter Financial,FCF (Fir),,"August 11, 1983"
Engelhard Corp.,EC,,Hudson Bay Mining & Sme.,HD (Hudson),,"July 7, 1983"
Dominion Resources Inc,D,,Virginia Electric & Power Co,VEL,,"May 20, 1983"
PennzEnergy Co.,PZE,Pennzoil Company (PZL),General American Oil Co,GAO,,"March 10, 1983"
SPX Corp.,SPXC,Sealed Power Corp (SPW),Bendix Corp,BX (Ben),,"February 3, 1983"
SCA Services Inc,SCV,,Wheelabrator Frye Inc,WFI,,"February 3, 1983"
Ryder System Inc,R,Ryder Systems Inc (RDR),Missouri Pacific Corp,MIS,Mississippi River Corp (MIS),"December 30, 1982"
Occidental Petroleum Corp,OXY,,Cities Service Co,CS (Cities),,"December 9, 1982"
Apple Inc.,AAPL,,Diamond International Corp,DN,,"November 18, 1982"
USLife Corp.,USH,,NLT Corp,NLT,,"November 11, 1982"
NextLevel Systems Inc,GRL,,Questor Corp,IQ (Que),,"October 21, 1982"
Brown-Forman Corp.,BF.B,Brown Forman Distillers Corp (BFD),Heublein Inc,HBL,,"October 14, 1982"
Stone Container Corp.,STO,,Holly Sugar Corp,HLY,,"October 7, 1982"
Coleman Co,CLN,,Amalgamated Sugar Co,AGM (Ama),,"October 7, 1982"
Rohm & Hass Co,ROH,,Manville Corp,MAN (Man),Johns-Manville Corp,"September 16, 1982"
Stanley Black & Decker Inc,SWK,Stanley Works (SWK),Alpha Portland Inds Inc,APC (Alpha),,"September 16, 1982"
Snap-On Inc.,SNA,,Akzona Inc,AXO,,"September 16, 1982"
Leaseway Transportation Corp (Old),LTC (Lea),,McLean Trucking Co,MLN,,"September 9, 1982"
Coleco Industries,CLO,,Purex Industries Inc,PRX (Pur),,"August 19, 1982"
Wal-Mart Stores Inc,WMT,,Ideal Toy Corp,ID (Ide),,"August 19, 1982"
Cross & Trecker Corp,CTCO (Cro),,Giddings & Lewis Inc (Old),GID,,"August 12, 1982"
Collins & Aikman Corp (Old),CK (Col),,Reeves Brothers Inc,RVS,,"July 1, 1982"
MCI Communications Corp,MCIC,,Columbia Pictures Industries,CPS (Col),,"June 24, 1982"
Mercantile Stores Inc,MST,,Marshall Field & Co,MF (Mar),,"June 17, 1982"
Heileman (G.) Brewing Inc,GHB,,Schlitz Jos Brewing Co,SLZ,,"June 17, 1982"
Overnite Transportation Co,OVT,,Norfolk & Western Railway Co,NFK,,"June 3, 1982"
Norfolk Southern Corp.,NSC,,Southern Railway Co,SR (Sou),,"June 3, 1982"
Bassett Furniture Industries Inc,BSET,,Kroehler Manufacturing,KFM,,"April 8, 1982"
Merrill Lynch & Co,MER,,INA Corp,INA,,"April 8, 1982"
Cigna Corp.,CI,,Connecticut General Corp,CGN,Connecticut General Insurance Corp (CGEN),"April 8, 1982"
Mattel Inc.,MAT,,Beckman Instruments Inc,BEC (Bec),,"March 11, 1982"
Zurn Industries Inc,ZRN,,Envirotech Corp,EVT,,"March 11, 1982"
Wendy's International,WEN,,Ginos Inc,GNO,,"March 4, 1982"
White Consolidated Indust. Inc,WSW,,Sunbeam Corp (Old),SMB,,"January 14, 1982"
Kaiser Cement Corp,KCC,,General Portland Inc,GPT (Gen),,"December 10, 1981"
Western Company of North America,WSN,,Santa Fe International Corp,SAF (Santa),,"December 10, 1981"
Storage Technology Corp,STK,,Texasgulf Inc,TG (Tex),,"October 29, 1981"
Standard Oil Co Ohio,SRD,Standard Oil Co Ohio (SOH),Conoco Inc (Old),CLL,,"October 15, 1981"
Hillshire Brands Co,HSH,"Sara Lee Corp. (SLE), Consolidated Foods Corp (CFD)",St. Joe Minerals Corp,SJO,,"September 10, 1981"
Harcourt General Inc.,H (Har),General Cinema Corp (GCN),Coca Cola Bottling Co of NY,KNY,,"September 10, 1981"
Squibb Corp,SQB,,IBP Inc,IBP (IBM),Iowa Beef Processors Inc (IBP),"September 10, 1981"
Waste Management Inc. (Old),WMX,Waste Management Inc (WMX),Copeland Corp,CRF,,"August 13, 1981"
Archer-Daniels-Midland Co.,ADM,,Standard Brands Inc,SB (Sta),,"July 30, 1981"
Nabisco Brands Inc,NB,,Nabisco Inc,NAB,,"July 6, 1981"
Electronic Data Systems Corp,EDS,,Kennecott Corp,KN (Ken),,"June 25, 1981"
Data General Corp.,DGN,,Twentieth Century Fox Film Corp,TF,,"June 25, 1981"
Datapoint Corp,DPT,Cattlesale Company (CTLE),Revere Copper & Brass Inc,RVB,,"June 25, 1981"
Masco Corp.,MAS,,GK Technologies Inc,GK (GK ),,"June 18, 1981"
Salomon Inc.,SB (Salomon),Phibro Corp. / Phibro Salomon Inc (PSB),Engelhard Corp.,EC,Engelhard Minerals & Chemicals Corp (ENG),"June 3, 1981"
Computer Sciences Corp.,CSC,,Crouse Hinds Co,CHI,,"May 14, 1981"
Texas Oil & Gas Corp,TXO,,Oscar Mayer & Co Inc,OMC (Mayer),,"May 14, 1981"
W. W. Grainger Inc,GWW,,Houston Oil & Minerals Corp,HOI,,"May 14, 1981"
Tymshare Inc,TYM,,Hobart Corp,HOB,,"April 2, 1981"
Automatic Data Processing Inc,ADP,Automatic Data Processing Inc (AUD),Unidynamics Corp,UD,UMC Industries Inc (UMT),"February 26, 1981"
Scientific-Atlanta Inc,SFA,,Macke Company,MAK,,"February 26, 1981"
Rolm Corp,RM (Rol),,Belden Corp,BEL (Bel),,"December 18, 1980"
Tiger International,TGR,,St. Louisâ€“San Francisco Railway,FN (St.),,"December 11, 1980"
MA.com Inc,MAI,,Pullman Inc,PU,,"November 20, 1980"
Nortel Networks,NT,Northern Telecom Ltd (NT),Brown Company,BWN,,"November 20, 1980"
FedEx Corp,FDX,,Chessie System Inc,CO,,"November 6, 1980"
CSX Corp.,CSX,,Seaboard Coast Line Industries,SCI (Coast),,"November 6, 1980"
Hyster Company,HYST,,White Motor Corp,WH,,"October 2, 1980"
PACCAR Inc.,PCAR,,Koehring Company,KOE,,"October 2, 1980"
Wang Laboratories Inc,WANG,,Liggett Group Inc,LGT,,"August 28, 1980"
L3Harris Technologies Inc,LHX,Harris Corp. (HRS),Howard Johnson Co,HJ,,"June 26, 1980"
MGM/UA Entertainment Co,MGM (UA),,MGM Grand Hotels Inc,GRH (MGM),,"June 17, 1980"
Upjohn Co.,UPJ,,Warner & Swasey Co,WS (War),,"April 24, 1980"
Hiram Walker Resources,HWR,Hiram Walker/Consumers Home Ltd (WCH),Walker Hiram Gooderham & Worts,HIR,,"April 10, 1980"
AIG Inc.,AIG,American International Group Inc (AIGR),CIT Financial Corp,CIT (Fina),,"February 14, 1980"
Massey Energy Co.,MEE,"Fluor Corp, Old (FLR)",Flintkote Co,FO,,"January 17, 1980"
Dun & Bradstreet Corp,DNB,,Reliance Electric Co,REE,,"December 27, 1979"
Walgreens Boots Alliance Inc,WBA,Walgreen Co (WAG),Cyprus Mines Corp,CYM (Mines),,"October 11, 1979"
Stauffer Chemical Co,STF,,Carrier Corp,CRR (Carr.),,"July 26, 1979"
Signal Companies Inc,SGN,,Fairchild Camera & Instrument Corp,FCI,,"July 26, 1979"
Hartmarx Corp,HMX,Hart Schaffner & Marx (HSM),PremiumWear Inc,WEAR,Munsingwear Inc (MUN),"May 3, 1979"
VF Corp,VFC,,Gardner-Denver Co,GDC (Gar),,"May 3, 1979"
Levi Strauss & Co,LVI,,Warnaco Inc,WRC,,"May 3, 1979"
Transamerica Corp.,TA,,Franklin Life Insurance Corp,FLIF,,"March 1, 1979"
Smithkline Beckman Corp,SKB,Smithkline Corp (SKL),Del Monte Corp,DEL,,"February 8, 1979"
American Medical Holdings,AMI (Ame),,Simmons Company,SIM,,"February 8, 1979"
Humana Inc.,HUM,Extendicare Inc (XTC),Servomation Corp,SVM,,"February 8, 1979"
Hospital Corp of America,HCA (Old),Hospital Corp of America (HSP),Hanes Corp,HNS,,"February 8, 1979"
Tenet Healthcare Corp.,THC,National Medical Enterprises Inc (NME),Green Giant Co,GG,,"February 8, 1979"
Reliance Electric Co,REE,,Cutler Hammer Inc,CH,,"January 11, 1979"
Paramount Communications Inc,PCI,Gulf & Western Industries (GW),Lykes Corp,LY,,"December 14, 1978"
Northwest Industries Inc,NWT,,Inland Container Corp,IN,,"November 24, 1978"
Missouri Pacific Corp,MIS,Mississippi River Corp (MIS),Missouri Pacific Railroad Co,MOP,,"November 1, 1978"
Allegheny Technologies Inc.,ATI,"Allegheny Teledyne Inc. (ALT), Teledyne Inc. (TDY)",American Air Filter Inc,AAF,,"October 26, 1978"
Textron Inc.,TXT,,Food Fair Inc,FFS,Pantry Pride,"October 5, 1978"
Litton Industries Inc,LIT,,GDV Inc,GDV,,"October 5, 1978"
Tenneco Inc.,TEN,Tenneco (TGT),Northgate Minerals Corp,NGX,,"October 5, 1978"
Missouri Pacific Railroad Co,MOP,,Inspiration Consolidated Copper,IC,,"August 24, 1978"
Bemis Company Inc,BMS,,Fibreboard Corp,FBD,,"July 20, 1978"
West Point-Pepperell,WPM,,Peter Paul Inc,PPI,,"May 11, 1978"
Dow Jones & Co. Inc.,DJ,,Budd Company,BF,,"May 4, 1978"
Mesa Petroleum Co,MSA (Mes),,Babcock & Wilcox Co,BAW,,"April 13, 1978"
Houston Oil & Minerals Corp,HOI,,Leesona Corp,LSO,,"April 13, 1978"
AMSTAR Corp,ASR,,Great Western United Corp,GWU,,"March 2, 1978"
Church's Fried Chicken Inc,CHU,,Pizza Hut Inc,PIZ,,"November 17, 1977"
Nabisco Inc,NAB,,Lehigh Portland Cement Co,LPT,,"November 3, 1977"
Allis Chalmers Corp,AH (All),,Monroe Auto Equipment,MAE,,"June 30, 1977"
Pillsbury Co,PSY,,Penn Dixie Industries Inc,PDI,Penn Dixie Cement Corp (DXC),"May 19, 1977"
Carnation Company,CMK,,Pet Inc (Old),PET (Pet),,"May 19, 1977"
Centex Corp.,CTX,,Tishman Realty & Construction Inc,TIS,,"March 31, 1977"
Beckman Instruments Inc,BEC (Bec),,Hoerner Waldorf Corp,HWC,,"March 3, 1977"
Cyprus Mines Corp,CYM (Mines),,Anaconda Co,A (Anaco),Anaconda Copper Mining Co (A),"January 20, 1977"
Fairchild Camera & Instrument Corp,FCI,,Sonesta International Hotels Corp,SIH,,"December 9, 1976"
Target Corp.,TGT,Dayton Hudson Corp (DH),Murphy G. C. & Co,MPH,,"December 9, 1976"
National Semiconductor,NSM (Nat),,Mercantile Stores Inc,MST,,"December 9, 1976"
Intel Corp.,INTC,,Gamble Skogmo Inc,GSK,,"December 9, 1976"
Westmoreland Coal Co,WLB,Westmoreland Coal Co (WMOR),Utah International Inc,UC,,"October 21, 1976"
Ideal Basic Industries Inc,IDL,,Marquette Company,MQC,,"September 23, 1976"
PSI Resources Inc,PIN (PSI),Public Service Co. Of Indiana (PIN),Allegheny Energy Inc.,AYE,Allegheny Power Systems Inc (AYP),"July 1, 1976"
NextEra Energy Inc,NEE,Florida Power & Light Co (FPL),Canadian Pacific Ltd,CP,,"July 1, 1976"
Walt Disney Co,DIS,,Kansas City Southern,KSU,,"July 1, 1976"
McLean Trucking Co,MLN,,Laclede Gas Co,LG,,"July 1, 1976"
First Interstate Bancorporation,I (Fir),Western Bancorporation (WBC),Marcor Inc,M (Marcor),,"July 1, 1976"
Duke Energy Corp,DUK,Duke Power Co (DUK),Addressograph Multigraph Corp,AIN,,"July 1, 1976"
Emery Air Freight Corp,EAF,,Trans World Corp,TW,Trans World Airlines Inc (TWA),"July 1, 1976"
INA Corp,INA,,Jefferies Financial Group Inc,JEF,Talcott National Corp (TLC),"July 1, 1976"
Wells Fargo & Co,WFC,Northwest Bancorporation (NOB),Eastern Air Lines Inc,EAL,,"July 1, 1976"
Chase Manhattan Corp. (Old),CMB,,American Investment Co,AIC,,"July 1, 1976"
Con-Way Inc.,CNW,Consolidated Freightways Inc (CFN),WGL Holdings Inc,WGL,Washington Gas Lt Co (WGL),"July 1, 1976"
Continental Corp,CIC,,Chris Craft Industries Inc,CCN,,"July 1, 1976"
Aetna Inc.,AET,,IPALCO Enterprises Inc,IPL,Indianapolis Power & Light Co,"July 1, 1976"
Citicorp Inc (Old),CCI (Citi),Citicorp (FNC),Idacorp Inc,IDA,Idaho Power Co (IDA),"July 1, 1976"
Travelers Corp,TIC,,Soo Line Railroad Co,SOO,,"July 1, 1976"
CNA Financial Corp,CNA,CNA Financial Corp (CAF),National Airlines Inc,NAL,,"July 1, 1976"
JPMorgan Chase & Co.,JPM,"Chase Manhattan Corp. (CMB), Chemical New York Corp (CHL)",Western Pacific Industries Inc,WPI,,"July 1, 1976"
J. P. Morgan & Co. Inc (Old),JPM (Old),,Florida Power Corp,FDP,,"July 1, 1976"
Manufacturers Hanover Corp,MHC,,GPU Inc.,GPU,,"July 1, 1976"
Bankers Trust Corp.,BT,,New Century Energies Inc,NCE,Public Service Co (PSR),"July 1, 1976"
American General Insurance Co,AGC,,Dayton Power & Light Co,DPL,,"July 1, 1976"
Jefferson-Pilot Corp.,JP,,Cinergy Corp.,CIN,Cincinnati Gas & Electric Co (CIN),"July 1, 1976"
Lincoln National Corp,LNC,,Cleveland Electric Illuminating Co,CVX (Cleve.),,"July 1, 1976"
USF&G Corp,FG (USF),,CMS Energy Corp,CMS,,"July 1, 1976"
Bankboston Corp.,BKB,First National Boston Corp (FB),Illinova Corp,ILN,Illinois Power Co (IPC),"July 1, 1976"
Providian Corp.,PVN,Capital Holding Corp (CPH),Conectiv Inc,CIV,Delmarva Power & Light Co (DEW),"July 1, 1976"
First Chicago Corp. (Old),FNB (Fir),,Aristar Inc,ARR,Family Fin Corp (FAM),"July 1, 1976"
First Pennsylvania Corp,FPA,,Energy East Corp,EAS,New York State Elect. & Gas Corp (NGE),"July 1, 1976"
NLT Corp,NLT,,EQT Corp,EQT,Equitable Gas Co (EQT),"July 1, 1976"
Inland Container Corp,IN,,Stanray Corp,SRY,,"July 1, 1976"
Interfirst Corp,IFC (Int),First Int'l Bancshares Inc (FIB),Ameren Corp.,AEE,Union Electric Co (UEP),"July 1, 1976"
Continental Bank Corp,CBK (Con),Continental Bank Corp (CIL),Duquesne LT Co,DQU,,"July 1, 1976"
BankAmerica Corp. (Old),BAC (Old),Bankamerica Corp (BAM),NSTAR,NST,Boston Edison Co (BSE),"July 1, 1976"
American Express Co,AXP,American Express Co (AEXP),National Fuel Gas Co,NFG,,"July 1, 1976"
Anheuser-Busch Inc.,BUD (Anh),Anheuser-Busch Inc. (ABUD),Frontier Corp.,FRO (Fro),Rochester Telephone Corp (RTC),"July 1, 1976"
Chubb Corp. (Old),CB (Old),Chubb Corp (CHUB),Imperial Corp of America,ICA,,"July 1, 1976"
Connecticut General Corp,CGN,Connecticut General Insurance Corp (CGEN),Hess Corp,HES,Amerada Hess Corp (AHC),"July 1, 1976"
Molson Coors Brewing Co.,TAP,Adolph Coors Co (RKY),Houston Natural Gas Corp,HNG,,"July 1, 1976"
Mellon Financial Corp,MEL,Mellon National Corp (MNBT),Schaefer F. & M. Corp,SFR,,"July 1, 1976"
Bank of America Corp.,BAC,"NationsBank (NB), NCNB Corp. (NBB)",Rio Grande Industrials Inc,RGI,,"July 1, 1976"
Pabst Brewing Co,PABT,,CrediThrift Financial Inc,CRD,,"July 1, 1976"
Caliber System Inc,CBB (Cal),Roadway Express Inc (ROAD),Connecticut Gen. Mort. & Realty Inves.,CGM,,"July 1, 1976"
Safeco Corp.,SAF,Safeco Corp (SAFC),Chase Manhattan Mort. & Realty Trust,CMR,,"July 1, 1976"
Travelers Companies Inc,TRV,St. Paul Companies Inc (STPL),Massmutual Mortgage & Realty Invest.,MML,,"July 1, 1976"
YRC Worldwide Inc.,YRCW,Yellow Freight System Inc,Heileman (G.) Brewing Inc,GHB,,"July 1, 1976"
Beam Suntory Inc,BEAM (Sun),"Fortune Brands Inc (FO), American Brands (AMB), American Tobacco (AT)",Northwest Energy Co,NWP,,"July 1, 1976"
Hobart Corp,HOB,,USM Corp,USM,,"May 6, 1976"
Crouse Hinds Co,CHI,,ITE Imperial Corp,ITE,,"March 18, 1976"
International Flavors & Fragrances Inc,IFF,,Cerro Corp,CDP,,"March 4, 1976"
Pizza Hut Inc,PIZ,,Scovill Manufacturing Co,SCO,,"March 4, 1976"
Black & Decker Manufacturing,BDK,,Otis Elevator Co,OT,,"January 15, 1976"
Nortwest Airlines,NWA,NWA Inc (NWA),American Chain & Cable Inc,ACN (Chain),,"January 15, 1976"
Lucky Stores Inc,LKS,,"Libby, McNeill & Libby",LJ,,"January 15, 1976"
Blue Bell Inc,BBL,,GAC Corp,GAC,,"January 15, 1976"
Eckerd Corp,ECK,,Grand Union Co,GUX,,"December 11, 1975"
"Revco, D. S. Inc",RDS,,Lockheed Martin Corp.,LMT,"Lockheed Corp. (LK), Lockheed Aircraft Corp (LK)","December 11, 1975"
Rite Aid Corp.,RAD,,Copper Range Co,CPX,,"December 11, 1975"
TEGNA Inc,TGNA,Gannett Inc (GCI),Vendo Company,VEN,,"December 11, 1975"
Knight-Ridder Inc.,KRI,Knight Ridder Newspapers Inc (KRN),Grolier Inc,GLR,,"December 11, 1975"
Warner Communications Inc,WCI,,Kayser Roth Corp,KYR,,"October 16, 1975"
Digital Equipment Corp,DEC,,Grant W. T. Co,GTY,,"October 16, 1975"
Peabody International Corp,PBD,,Howmet Corp,HW,,"August 14, 1975"
Wheelabrator Frye Inc,WFI,,McCrory Corp,MS (McCr),,"August 14, 1975"
American Air Filter Inc,AAF,,Continental Mortgage Investors,CMI (Cont.),,"August 14, 1975"
Browning Ferris Industries Inc,BFI,,Diversified Mortgage Investments,DMG,,"August 14, 1975"
Envirotech Corp,EVT,,FMI Financial Corp,FMIF,First Mortgage Investments (FMIF),"August 14, 1975"
C. R. Bard Inc,BCR,,Falstaff Brewing Corp,FALB,,"June 12, 1975"
Tonka Corp,TKA,,Mattel Inc.,MAT,,"March 6, 1975"
Mallinckrodt Inc. (Old),MKG,International Minerals & Chemocal Co (IGL),Airco Inc,AN (Airco),,"February 6, 1975"
Williams Companies Inc,WMB,,Olin Corp,OLN,,"February 6, 1975"
Beker Industries Corp,BKI (Bek),,Chemetron Corp,CTN,,"February 6, 1975"
Chemfirst Inc,CEM,First Mississippi Corp (FRM),GAF Materials Corp,GAF,,"February 6, 1975"
Applied Biosystems Inc.,ABI,Perkin Elmer Corp (PKN),Magnavox Company,MAG,,"October 17, 1974"
HP Inc,HPQ,Hewlett-Packard Co (HWP),NextLevel Systems Inc,GRL,,"October 17, 1974"
Thomas & Betts Corp,TNB,,Beckman Instruments Inc,BEC (Bec),,"October 17, 1974"
Utah International Inc,UC,,Litton Industries Inc,LIT,,"October 17, 1974"
Louisiana-Pacific Corp.,LPX,,Varian Medical Systems Inc,VAR,Varian Associates (VAR),"October 17, 1974"
Northwest Energy Co,NWP,Northwest Pipeline Corp (NWP),Missouri Pacific Corp,MIS,Mississippi River Corp (MIS),"September 12, 1974"
U.S. Home Corp,UH,,Uris Buildings Corp,URB,,"June 20, 1974"
Skyline Champion Corp,SKY,,Nabisco Inc,NAB,,"May 9, 1974"
Warnaco Inc,WRC,,Keebler Co,KBR,,"May 9, 1974"
Redman Industries Inc,RDMN,,SCM Corp,SCM,,"May 9, 1974"
Fleetwood Enterprises Inc,FLE,,Bobbie Brooks Inc,BBK,,"May 9, 1974"
Texasgulf Inc,TG (Tex),,Admiral Corp,ADL,,"April 11, 1974"
Belden Corp,BEL (Bel),,Essex International Inc,EXC (Essex),,"February 21, 1974"
Echlin Inc.,ECH,,ESB Inc,ESB,,"November 15, 1973"
Monroe Auto Equipment,MAE,,Kelsey Hayes Co,KW,,"November 15, 1973"
Genuine Parts Co,GPC,,Federal Mogul Corp,FMO,,"November 15, 1973"
Broadway Stores Inc,BWY (Broa),Broadway Hale Stores Inc (BHS),Gimbel Brothers Inc,GI,,"August 2, 1973"
Heileman (G.) Brewing Inc,GHB,,Rheingold Corp,RG,,"June 21, 1973"
Johnson & Johnson,JNJ,,First National Stores Inc,FST,,"May 31, 1973"
Continental Mortgage Investors,CMI (Cont.),,UV Industries Inc,UV,,"May 31, 1973"
Diversified Mortgage Investments,DMG,,American Bakeries Co,ABA,,"May 31, 1973"
FMI Financial Corp,FMIF,First Mortgage Investments (FIM),Marion Merrell Dow,MKC (Marion),Richardson Merrell Inc (RXM),"May 31, 1973"
Connecticut Gen. Mort. & Realty Inves.,CGM,,Ward Foods Inc,WD,,"May 31, 1973"
Chase Manhattan Mort. & Realty Trust,CMR,,Reed Tool Co,RDT,,"May 31, 1973"
Massmutual Mortgage & Realty Invest.,MML,,General Steel Industries Inc,GSI,,"May 31, 1973"
H. F. Ahmanson & Co.,AHM,,Financial Federation Inc,FFI,,"May 31, 1973"
Hughes Tool Co,HT (Hug),,United Financial Corp of California,UFL,,"May 31, 1973"
Brunswick Corp.,BC,,American Crystal Sugar Co,ACS (Sugar),,"March 1, 1973"
RadioShack Corp.,RSH,Tandy Corp (TAN),AMSTAR Corp,ASR,,"March 1, 1973"
Questor Corp,IQ (Que),,Ingredient Technology Corp,ITC,Sucrest Corp (SUC),"March 1, 1973"
Outboard Marine Corp.,OM,,Max Factor & Co,FAC,,"March 1, 1973"
Chris Craft Industries Inc,CCN,,Helene Curtis Industries Inc,HC,,"March 1, 1973"
Handleman Co.,HDLM,,Staley Continental Inc,STA,Staley A. E. Manufacturing Co (STA),"March 1, 1973"
National Fuel Gas Co,NFG,,Penn Central Co,PC,,"September 28, 1972"
Sprint Corp,S,"Sprint Nextel Corp (S), United Telecommunications (UT)",Reading Company,RDG,,"September 28, 1972"
Continental Telecom Inc,CTC,Continental Telephone Corp (CTC),"Chicago, Rock Island & Pacific Railr.",RI,,"September 28, 1972"
Houston Natural Gas Corp,HNG,,Florida East Coast Railway Co,FLA,,"September 28, 1972"
Centel Corp,CNT (Cen),Central Telephone & Utilities Corporation (CTU),Chicago Milwaukee Corp,CHG,,"September 28, 1972"
Mattel Inc.,MAT,,Dan River Inc,DML,,"September 21, 1972"
Milton Bradley Co,MB (Mil),,Liberty Lane Corp,LLC,,"September 21, 1972"
Ideal Toy Corp,ID (Ide),,Dial Financial Corp,DFC,,"September 21, 1972"
American Hospital Supply Corp,AHS,,Freeport Minerals Co,FT,,"September 14, 1972"
Baxter International Inc.,BAX,,Texasgulf Inc,TG (Tex),,"September 14, 1972"
Becton Dickinson & Co,BDX,,Newberry J. J. Co,JJN,,"September 14, 1972"
Dennys Inc,DEN,,Pasco Inc,PAS (Pasco),,"September 14, 1972"
Chicago Milwaukee Corp,CHG,,"Chicago, Milwaukee, St. Paul & Pac. Railr.",ST,,"February 22, 1972"
Interlake Corp,IK,,Walworth Company,WW,,"January 20, 1972"
R&B Falcon Corp,FLC,Reading & Bates Offshore Drilling (RB),CF & I Steel Corp,CF (CFI),,"January 20, 1972"
Ramada Inc,RAM (Ram),,Manhattan Industries Inc,MHT,,"December 9, 1971"
McDermott Int'l Inc,MDR,McDermott J. Ray & Co Inc (MDE),Cudahy Company,CUD,,"August 19, 1971"
Esmark Inc (Old),ESM,Norton Simon Inc (NSI),General Host Corp,GH,,"August 19, 1971"
Ginos Inc,GNO,,Kentucky Fried Chicken Corp,KTY,,"July 15, 1971"
Florida East Coast Railway Co,FLA,,American Zinc Co,ZA,,"June 24, 1971"
Northgate Minerals Corp,NGX,,Louisville & Nashville Railroad Co,LN,,"June 24, 1971"
Alberto-Culver Co.,ACV,,Coronet Industries Inc,CID,,"March 4, 1971"
Oscar Mayer & Co Inc,OMC (Mayer),,Armour & Co,AM (Armour),,"January 14, 1971"
Rio Grande Industrials Inc,RGI,,Denver & Rio Grande Western Railr.,DGR,,"December 17, 1970"
Eli Lilly and Co.,LLY,,Parke Davis & Co,PDC,,"November 19, 1970"
Hoerner Waldorf Corp,HWC,,Standard Packaging Corp,SPK,,"October 29, 1970"
National Airlines Inc,NAL,,Case J. I. Co,JI,,"August 13, 1970"
Howard Johnson Co,HJ,,Bayuk Cigars Inc,BYK,,"June 25, 1970"
McDonald's Corp.,MCD,,Endicott Johnson Corp,EJN,,"June 25, 1970"
Marriott Corp.,MHS (Mar.),,General Cigar Inc,GCR,Culbro Corp (CUC),"June 25, 1970"
Kentucky Fried Chicken Corp,KTY,,American Credit Corp,ACR,,"June 25, 1970"
Sonesta International Hotels Corp,SIH,Hotel Corp. of America (HCA),Archer-Daniels-Midland Co.,ADM,,"April 23, 1970"
Evans Products Co,EVY,,Coltec Industries Inc,COT,Colt Industries Inc (COT),"April 23, 1970"
Champion International Corp,CHA,United States Plywood Champion (UPC),National Tea Co,NTY,,"April 23, 1970"
Hilton Worldwide Holdings Inc.,HLT,Hilton Hotels Corp (HLT),Curtiss Wright Corp,CW,,"April 23, 1970"
Tishman Realty & Construction Inc,TIS,,LTV Steel Co Inc,LTV (Steel),Jones & Laughlin Steel Corp (JL),"April 23, 1970"
GDV Inc,GDV,General Development Corp (GDV),Moore & McCormack Co,MCL,,"April 23, 1970"
Sunamerica Inc.,SAI,"Kaufman & Broad Inc. (KB), Broad Inc. (BRO)",Textron Inc.,TXT,,"April 23, 1970"
Uris Buildings Corp,URB,,Central Soya Inc,CSY,,"April 23, 1970"
Holiday Corp,HIA,Holiday Inns Inc (HIA),Harvey Aluminium Inc,HAR (Alum.),Martin Marietta Aluminium Co (MMA),"April 23, 1970"
OfficeMax Inc (Old),OMX (Old),Boise Cascade Corp (BCC),National Union Electric Corp,NUM,,"April 23, 1970"
Global Marine Inc,GLM,,American Export Industries Inc,AEX,,"April 23, 1970"
SEDCO Inc,SED,,UNC Inc,UNC,United Nuclear Corp (UNC),"April 23, 1970"
PotlatchDeltic Corp,PCH,Potlatch Forests Inc (PFI),Squibb Corp,SQB,Squibb Beech-Nut Inc (SQB),"April 23, 1970"
Heublein Inc,HBL,,Associated Brewing Co,ABW,,"March 19, 1970"
Schaefer F. & M. Corp,SFR,,Publicker Industries Inc,PUL,,"March 19, 1970"
CrediThrift Financial Inc,CRD,,Budget Industries Inc,BGT,,"March 19, 1970"
Soo Line Railroad Co,SOO,,Great Northern Railway Co,GN,,"March 5, 1970"
Burlington Northern Santa Fe Corp,BNI,,Northern Pacific Railway Co,NP,,"March 5, 1970"